,과목번호,과목명,교수명,수업코드,평점
0,0,운영체제론,강경태,22695,3.76
1,1,컴퓨터공학연구실심화실습1,강경태,22697,0.00
2,2,데이터베이스응용,이동호,22699,0.00
3,3,전공진로세미나,이동호,22701,3.50
4,4,컴퓨터공학연구실심화실습3,강경태,22703,0.00
5,5,컴퓨터캡스톤디자인2(종합),강경태,22705,0.00
6,6,컴퓨터네트워크,이석복,22707,4.39
7,7,SW창업캡스톤디자인2,임금순,22709,0.00
8,8,소프트웨어공학,Scott Uk-Jin Lee,22711,3.67
9,9,시스템프로그래밍,은하수,22713,2.44
10,10,임베디드운영체제,강경태,22715,5.00
11,11,시스템보안,이연준,22717,4.50
12,12,모바일컴퓨팅,윤종원,22719,3.75
13,13,딥러닝,정우환,22721,0.00
14,14,멀티미디어정보처리,문영식,22723,3.78
15,15,컴퓨터구조,박성주,22727,4.00
16,16,프로그래밍언어론,이우석,22729,4.27
17,17,디자인소프트웨어실습,송정식,22750,0.00
18,18,가상인터페이스디자인,이지혜,22751,0.00
19,20,디자인마케팅과컨설팅,이지혜,22753,0.00
20,22,피지컬컴퓨팅,최인경,22760,4.30
21,23,인간-컴퓨터시스템설계,경규형,22764,2.38
22,24,게임프로그래밍언어,김기범,22765,2.67
23,25,웰니스디자인,김성권,22766,0.00
24,26,무대공간분석과디자인,조현의,22767,2.00
25,27,피지컬컴퓨팅,최인경,22773,4.30
26,28,웹애플리케이션개발,하민아,22774,0.00
27,30,인간-컴퓨터시스템설계,경규형,22777,2.38
28,31,디지털미디어콘텐츠기획,구자은,22778,0.00
29,32,기계학습,고민삼,22779,0.00
30,33,미디어인포그래픽스,박경하,22780,2.00
31,34,디지털콘텐츠마케팅실습,신동희,22781,0.00
32,35,소셜미디어분석,박현길,22782,0.00
33,36,HCI연구실심화실습1,경규형,22783,0.00
34,37,ICT창업캡스톤디자인2,박창순,22784,0.00
35,38,ICT융합캡스톤디자인1,박종화,22785,2.00
36,39,리빙랩이론과실제,권주영,22786,0.00
37,40,HCI연구실심화실습3,경규형,22787,0.00
38,41,IC-PBL과취창업을위한진로탐색,유제흥,23094,3.86
39,42,논리학(컴퓨터전공),김영훈,23550,3.43
40,43,논리학(컴퓨터전공),김영훈,23551,3.43
41,44,프로그래밍기초,도경구,23552,4.44
42,45,프로그래밍기초,도경구,23553,4.44
43,46,소프트웨어의이해,윤종원,23554,4.29
44,47,인공지능과미래사회,송원선,23556,0.00
45,48,인공지능과미래사회,김현하,23557,0.00
46,49,일반물리학1,장지수,23558,4.76
47,50,일반물리학1,백소연,23559,4.66
48,51,일반물리학실험1,정희준,23560,3.73
49,52,일반물리학실험1,정희준,23561,3.73
50,53,컴퓨터개론,은하수,23562,4.29
51,54,컴퓨터개론,은하수,23563,4.29
52,55,미분적분학1,왕문옥,23564,3.79
53,56,미분적분학1,장우성,23565,4.62
54,57,IC-PBL과비전설계,강경태,23566,0.00
55,58,자료구조론,조성현,23568,4.07
56,59,디지탈논리설계,윤종원,23569,3.67
57,60,학술영어1:통합,Mark David Lloyd,23570,4.89
58,61,오토마타와형식언어론,김태형,23571,3.29
59,62,선형대수,마상백,23572,3.93
60,63,확률론,정우환,23573,3.00
61,64,논리학(컴퓨터전공),조용우,23582,4.58
62,65,논리학(컴퓨터전공),조용우,23583,4.58
63,66,프로그래밍기초,고민삼,23584,4.67
64,67,프로그래밍기초,고민삼,23585,4.67
65,68,창의융합설계,조현의,23586,2.80
66,69,인공지능과미래사회,송원선,23590,0.00
67,70,인공지능과미래사회,김현하,23591,0.00
68,71,일반물리학1,백소연,23592,4.66
69,72,일반물리학1,장지수,23593,4.76
70,73,미분적분학1,홍순필,23594,3.73
71,74,미분적분학1,홍순필,23595,3.73
72,75,IC-PBL과비전설계,경규형,23596,0.00
73,76,감성미학,원혜영,23601,1.80
74,77,MR&미디어,최윤석,23603,4.50
75,78,디자인공학드로잉&2D실습1,오영효,23604,5.00
76,79,자료구조론,최인경,23607,4.40
77,80,오픈소스SW,조용우,23608,4.75
78,81,게임디자인,김기범,23612,1.40
79,82,뮤직테크놀로지,조현의,23613,4.00
80,83,자료구조론,최인경,23617,4.40
81,84,오픈소스SW,조용우,23618,4.75
82,85,공학과심리,김정룡,23620,4.40
83,86,선형대수,권보경,23621,0.00
84,87,융복합미디어개론,이경렬,23622,2.67
85,88,인공지능의이해,김성권,23623,0.00
86,89,자바프로그래밍입문,이원찬,23624,0.00
87,90,논리학(컴퓨터전공),김영훈,23874,3.43
88,91,프로그래밍기초,김현하,23875,4.69
89,92,인공지능과미래사회,최성원,23877,1.13
90,93,일반물리학1,백소연,23878,4.66
91,94,컴퓨터개론,은하수,23879,4.29
92,95,미분적분학1,장우성,23880,4.62
93,96,IC-PBL과비전설계,김영훈,24215,0.00
94,97,IC-PBL과비전설계,김정선,24216,0.00
95,98,IC-PBL과비전설계,김태형,24217,0.00
96,99,IC-PBL과비전설계,도경구,24218,0.00
97,100,IC-PBL과비전설계,마상백,24219,5.00
98,101,IC-PBL과비전설계,문영식,24220,0.00
99,102,IC-PBL과비전설계,박성주,24221,0.00
100,103,IC-PBL과비전설계,오희국,24222,0.00
101,104,IC-PBL과비전설계,윤종원,24223,5.00
102,105,IC-PBL과비전설계,은하수,24224,0.00
103,106,IC-PBL과비전설계,이동호,24225,5.00
104,107,IC-PBL과비전설계,이석복,24226,5.00
105,108,IC-PBL과비전설계,이연준,24227,0.00
106,109,IC-PBL과비전설계,이우석,24228,5.00
107,110,IC-PBL과비전설계,Scott Uk-Jin Lee,24229,0.00
108,111,IC-PBL과비전설계,조성현,24230,0.00
109,112,학술영어1:통합,Douglas J. Scott,24526,4.18
110,113,학술영어1:통합,Paul G. Surette,24527,3.50
111,114,학술영어1:통합,Andrew Graham Cater,24528,4.25
112,115,학술영어1:통합,Nina K. Iscovitz,24529,3.10
113,116,학술영어1:통합,Craig H. Kerschner,24530,5.00
114,117,학술영어1:통합,Wallace S. Galloway,24531,3.47
115,118,IC-PBL과비전설계,고민삼,24584,0.00
116,119,IC-PBL과비전설계,김기범,24585,0.00
117,120,IC-PBL과비전설계,김정룡,24586,0.00
118,121,IC-PBL과비전설계,윤종영,24587,0.00
119,122,IC-PBL과비전설계,이경렬,24588,0.00
120,123,IC-PBL과비전설계,조용우,24589,0.00
121,124,IC-PBL과비전설계,조현의,24590,0.00
122,125,IC-PBL과비전설계,최인경,24591,0.00
123,126,확률론,권보경,24674,0.00
124,127,선형대수,마상백,24675,3.93
125,128,오토마타와형식언어론,김태형,24676,3.29
126,129,자료구조론,김정선,24677,4.13
127,130,자료구조론,김정선,24678,4.13
128,131,컴퓨터공학연구실심화실습1,김영훈,24679,0.00
129,133,컴퓨터공학연구실심화실습1,도경구,24681,0.00
130,134,컴퓨터공학연구실심화실습1,박성주,24683,0.00
131,135,컴퓨터공학연구실심화실습1,이석복,24684,0.00
132,136,컴퓨터공학연구실심화실습1,윤종원,24685,0.00
133,137,컴퓨터공학연구실심화실습1,이동호,24686,0.00
134,138,컴퓨터공학연구실심화실습1,이연준,24687,0.00
135,139,컴퓨터공학연구실심화실습1,이우석,24688,5.00
136,140,컴퓨터공학연구실심화실습1,조성현,24689,0.00
137,141,컴퓨터공학연구실심화실습1,Scott Uk-Jin Lee,24690,0.00
138,142,컴퓨터네트워크,이석복,24691,4.39
139,143,컴퓨터구조,박성주,24692,4.00
140,144,컴퓨터공학연구실심화실습3,김영훈,24693,0.00
141,145,컴퓨터공학연구실심화실습3,김정선,24694,0.00
142,146,컴퓨터공학연구실심화실습3,도경구,24695,0.00
143,147,컴퓨터공학연구실심화실습3,박성주,24697,0.00
144,148,컴퓨터공학연구실심화실습3,윤종원,24698,0.00
145,150,컴퓨터공학연구실심화실습3,이연준,24700,0.00
146,151,컴퓨터공학연구실심화실습3,이우석,24701,0.00
147,152,컴퓨터공학연구실심화실습3,조성현,24702,0.00
148,153,컴퓨터공학연구실심화실습3,Scott Uk-Jin Lee,24703,0.00
149,154,컴퓨터공학연구실심화실습3,이동호,24704,0.00
150,155,컴퓨터캡스톤디자인2(종합),김영훈,24705,0.00
151,156,컴퓨터캡스톤디자인2(종합),김정선,24706,0.00
152,157,컴퓨터캡스톤디자인2(종합),김태형,24707,0.00
153,158,컴퓨터캡스톤디자인2(종합),도경구,24708,0.00
154,159,컴퓨터캡스톤디자인2(종합),마상백,24709,0.00
155,160,컴퓨터캡스톤디자인2(종합),박성주,24711,0.00
156,161,컴퓨터캡스톤디자인2(종합),오희국,24712,5.00
157,162,컴퓨터캡스톤디자인2(종합),윤종원,24713,0.00
158,163,컴퓨터캡스톤디자인2(종합),이동호,24714,0.00
159,164,컴퓨터캡스톤디자인2(종합),이석복,24715,0.00
160,165,컴퓨터캡스톤디자인2(종합),이연준,24716,0.00
161,166,컴퓨터캡스톤디자인2(종합),이우석,24717,0.00
162,167,컴퓨터캡스톤디자인2(종합),조성현,24718,0.00
163,168,컴퓨터캡스톤디자인2(종합),Scott Uk-Jin Lee,24719,0.00
164,169,HCI연구실심화실습1,김기범,24720,0.00
165,170,HCI연구실심화실습1,김정룡,24721,0.00
166,171,HCI연구실심화실습1,윤종영,24722,0.00
167,172,HCI연구실심화실습1,이경렬,24723,0.00
168,173,HCI연구실심화실습1,조용우,24724,0.00
169,174,HCI연구실심화실습1,조현의,24725,0.00
170,176,창의캡스톤디자인1,이경렬,24729,0.00
171,177,창의캡스톤디자인1,조용우,24730,0.00
172,178,창의캡스톤디자인1,조현의,24731,0.00
173,179,HCI연구실심화실습3,고민삼,24736,0.00
174,180,HCI연구실심화실습3,김기범,24737,0.00
175,181,HCI연구실심화실습3,김정룡,24738,0.00
176,183,HCI연구실심화실습3,이경렬,24740,0.00
177,184,HCI연구실심화실습3,조용우,24741,0.00
178,185,HCI연구실심화실습3,조현의,24742,0.00
179,186,ICT융합캡스톤디자인1,경규형,24744,0.00
180,187,ICT융합캡스톤디자인1,고민삼,24745,0.00
181,190,ICT융합캡스톤디자인1,조용우,24748,0.00
182,191,ICT융합캡스톤디자인1,조현의,24749,0.00
183,192,뮤직테크놀로지,조현의,24758,4.00
184,193,시스템프로그래밍,최원일,24800,0.00
185,194,운영체제론,오희국,24801,1.70
186,195,운영체제론,오희국,24802,1.70
187,196,디지탈논리설계,윤종원,24875,3.67
188,197,IC-PBL과비전설계,강경태,24878,0.00
189,198,IC-PBL과비전설계,이동호,24879,5.00
190,199,컴퓨터캡스톤디자인2(종합),은하수,24886,0.00
191,200,일반물리학실험1,정희준,24902,3.73
192,201,AI+X:인공지능,류호경,20002,4.00
193,202,AI+X:딥러닝,원영준,20003,4.40
194,203,AI+X:R-Py컴퓨팅,이정환,20004,3.33
195,204,AI+X:머신러닝,박태준,20005,4.71
196,205,실용중국어,김령령,20013,0.00
197,206,실용중국어,김령령,20014,0.00
198,207,실용중국어,김령령,20015,0.00
199,208,6시그마GB(클러스터),이용건,20016,3.83
200,209,디자인과혁신(클러스터),김주연,20017,0.00
201,210,품질인증및시험·평가기술의이해(클러스터),윤상욱,20018,2.57
202,211,글로벌리더트레이닝2(클러스터),황주현,20019,4.75
203,212,디자인싱킹(클러스터),이여운,20020,4.80
204,213,누구나할수있는스마트폰앱만들기(클러스터),박종훈,20021,3.60
205,214,특허와협상1(클러스터),박수조,20022,5.00
206,215,IT경영및사업화(클러스터),임재준,20023,4.88
207,216,창의구현3D모델링기초실습(클러스터),박종용,20024,3.92
208,218,NCS기반채용의이해와직업요구역량(클러스터),채원중,20026,2.69
209,219,그림으로배우는컴퓨터구조기초(클러스터),은하수,20027,3.29
210,220,데이터베이스기초(클러스터),이동호,20028,5.00
211,221,전산통계학기초(클러스터),최성원,20030,1.25
212,222,말과문화,곽도연,20032,4.33
213,223,글과삶,백경선,20033,3.29
214,224,현대음악의이해,김경화,20034,4.40
215,225,교양타악실기,윤명화,20035,4.53
216,226,법의이해,조재영,20036,4.15
217,227,생활속의물리학,지웅배,20037,0.00
218,228,지구의역사,석동우,20038,3.82
219,229,교양댄스스포츠,김지영,20040,4.83
220,230,교양댄스스포츠,신동찬,20041,3.00
221,231,교양골프,김태원,20042,4.91
222,232,교양골프,김태원,20043,4.91
223,233,스크린영어,이태형,20044,4.47
224,234,회계정보의활용,김종현,20045,5.00
225,235,교양윈드써핑,김영규,20046,4.57
226,236,교양구급법,이우진,20047,3.83
227,237,교양축구,이용현,20048,0.00
228,238,교양축구,이용현,20049,0.00
229,239,교양테니스,남상걸,20050,4.96
230,240,교양테니스,송영훈,20051,0.00
231,241,교양배드민턴,양도업,20052,0.00
232,242,교양배드민턴,양도업,20053,0.00
233,243,디자인과생활,하미정,20054,4.37
234,244,고전음악의이해,김경화,20055,4.50
235,245,기업가정신과리더십,한창수,20056,4.00
236,246,창업과지적재산권,이희종,20057,4.94
237,247,창업아이디어개발,정영천,20058,3.11
238,248,한국어강좌,권우진,20059,0.00
239,249,기계비평,오영진,20060,4.02
240,250,글로벌마케팅조사와창업기회,정영천,20061,3.33
241,251,10만원창업프로젝트,김재영,20062,2.64
242,252,기업분석과취창업전략,유제흥,20063,4.81
243,253,스타트업초청강연,박종용,20064,4.01
244,254,창업경영시뮬레이션,이철형,20065,0.00
245,255,4차산업혁명과고전읽기,김성신,20066,4.32
246,256,명사들의고전읽기,오영진,20067,3.13
247,257,보이스앙상블,한웅희,20068,4.86
248,258,스무살의행복한나의인생디자인,이인식,20069,4.33
249,259,동양의눈으로본문명교류사,박성준,20070,4.56
250,260,사랑의역사:사랑에관한철학적성찰,김양희,20071,4.33
251,261,사이버토익,강현숙,20072,3.00
252,262,영어커뮤니케이션1-초급,이주영,20073,1.00
253,265,영어커뮤니케이션2-초급,Craig H. Kerschner,20076,3.20
254,266,영어커뮤니케이션2-중급,Craig H. Kerschner,20077,3.67
255,267,영어커뮤니케이션2-고급,Craig H. Kerschner,20078,5.00
256,268,초급스페인어,전수진,20088,0.00
257,269,고급영어회화,국지연,20089,4.17
258,270,한국근현대사,박성준,20090,4.33
259,271,문화와디자인,김진주,20091,4.50
260,272,기초미분적분학,김수현,20093,0.00
261,273,기초물리학,지웅배,20094,0.00
262,274,고급컴퓨터활용,김태환,20095,2.80
263,275,고급컴퓨터활용,김태환,20096,2.80
264,276,컴퓨터그래픽응용,백대은,20097,4.02
265,277,컴퓨터그래픽응용,백대은,20098,4.02
266,278,글로벌이슈,한승훈,20100,1.50
267,279,초우량기업의조건,전상길,20101,4.55
268,281,과학기술의철학적이해,오영진,20103,3.95
269,282,생활무용,현혜선,20104,5.00
270,283,소설과현대사회,김혜선,20105,4.44
271,284,한류와한국문화,이광복,20106,0.00
272,285,취업실전면접,김치성,20107,4.85
273,286,생활속의화학,김민경,20108,4.71
274,288,웹퍼블리싱,최병규,20110,4.00
275,289,컴퓨팅과데이터처리,김종익,20111,4.45
276,290,나를좋아하게하는커뮤니케이션,김지아,20112,4.82
277,292,창의적영어읽기-중급,한승훈,20114,2.00
278,294,독립영화의이해,조용현,20116,4.40
279,295,테크놀로지와예술&미디어,김효은,20117,4.41
280,296,데이터분석과시각화,김종익,20118,4.17
281,297,드론SW제작,조상욱,20119,2.33
282,298,안드로이드앱프로그래밍,최병규,20120,4.62
283,299,웹서비스구축,최병규,20121,3.57
284,300,특허로취업하기(클러스터),박종훈,20122,0.00
285,301,블록체인:혁명의시작(클러스터),김용욱,20123,4.74
286,302,레고세트를이용한창의설계,김승희,20124,4.64
287,303,4차산업혁명에서의윤리,김상연,20125,3.96
288,304,영어로만나는YouTube,오세풍,20126,4.29
289,305,4차산업혁명과미래직업(클러스터),박수진,20127,4.33
290,306,K-POP댄스,이진주,20129,5.00
291,307,미생물과인간,양철수,20130,3.25
292,308,영화속디자인이야기,연혜란,20131,4.00
293,309,나를찾는미술치료,장명옥,20132,4.52
294,310,교양요가및필라테스,조은정,20133,3.60
295,311,교양요가및필라테스,김정미,20134,4.63
296,312,교양태권도및호신술,김현,20135,2.20
297,313,디지털포트폴리오,백대은,20136,0.00
298,314,ERICA창의나눔프로젝트,오세풍,20137,2.86
299,315,나를찾아가는여행,최경원,20138,3.85
300,316,동서양철학과인권의식,구태환,20139,4.38
301,317,생활속의인권,이희종,20140,4.08
302,318,뉴스영어따라잡기,민현석,20141,4.60
303,319,로봇과드론의이해(클러스터),금동준,20142,4.71
304,320,빅데이터이해와분석(ADsP)(클러스터),조미행,20143,3.62
305,321,TED_Talks_영어,국지연,20144,2.50
306,322,IoT이해와활용,조상욱,20145,0.00
307,323,K-POP비즈니스의세계,김성한,20146,3.92
308,324,YouTube로읽는트렌드,김환,20147,0.00
309,325,가치관과정의,이선희,20148,0.00
310,326,고급영어작문,한승훈,20150,1.50
311,327,관계의기술,김정은,20151,4.45
312,328,교양스페인어,성아영,20152,4.50
313,329,교양스페인어,성아영,20153,4.50
314,330,교양스페인어,성아영,20154,4.50
315,331,교양일본어,지호순,20155,4.80
316,332,교양일본어,장혜진,20156,2.64
317,333,교양크로스컨트리,어경태,20157,5.00
318,334,교양태권도,조혜수,20158,0.00
319,335,교양프랑스어,김이정,20159,0.00
320,336,교양프랑스어,노희진,20160,0.00
321,337,교양피트니스트레이닝,김현,20161,3.17
322,338,교양피트니스트레이닝,김현,20162,3.17
323,339,글로벌엔터테인먼트의세계,홍일한,20163,4.60
324,340,기업가정신과미래설계(해동메이커스),신만재,20164,0.00
325,341,논리적으로생각하는능력,강규호,20165,0.00
326,342,뉴스바로보기,정지영,20166,3.57
327,343,다문화와열린사회,김혜수,20167,0.00
328,344,대학생을위한실용금융,윤대광,20168,0.00
329,345,도시와건축,박석중,20169,4.40
330,346,동양근현대사,박성준,20170,4.81
331,347,동양사상의이해,오순화,20171,2.89
332,348,디지털미디어리터러시,김효경,20172,1.29
333,349,딥러닝의원리와활용,유경선,20173,4.75
334,350,린스타트업프로세스(해동메이커스),강달철,20174,0.00
335,351,문명과건설환경,최동호,20175,3.74
336,352,문화콘텐츠로읽는페미니즘,서은영,20176,4.17
337,353,뮤지컬의세계,손소희,20177,3.11
338,354,미술로시대읽기,강은주,20178,4.58
339,355,미학입문,오윤정,20179,0.00
340,356,불확실한세상과통계학,조용현,20180,4.60
341,357,스타트업UI/UX,심규병,20181,3.00
342,358,빅데이터의기초(클러스터),조미행,20182,4.50
343,359,서양근현대사,최재호,20183,4.67
344,360,서양사상의이해,김상연,20184,4.29
345,361,소통의수사학,김효은,20185,3.22
346,362,소프트웨어와인문비평,오영진,20186,4.33
347,363,스타트업성장컨설팅(해동메이커스),유수호,20187,3.00
348,364,스페인사회와문화,고슬기,20188,3.93
349,365,스페인사회와문화,고슬기,20189,3.93
350,366,시민의식과불평등,김혜수,20190,4.58
351,367,실용스페인어,고슬기,20191,3.00
352,368,실전창업(해동메이커스),조영호,20192,4.67
353,369,애니메이션세미나,서은영,20193,4.10
354,370,연극의세계,정명문,20194,3.79
355,371,영문법의이해,민현석,20195,5.00
356,372,영미사회와문화,오세풍,20196,3.00
357,373,영화속심리학,김정은,20197,4.64
358,374,영화의세계,김영재,20198,4.67
359,375,운동과웰니스,조명희,20199,5.00
360,376,운동과웰니스,인희교,20200,4.57
361,377,웹툰의세계,서은영,20201,3.56
362,378,인공지능입문,유경선,20203,4.75
363,379,자연과건축,박석중,20204,4.21
364,380,장르문학의역사,전혜진,20205,4.28
365,381,전쟁으로읽는유럽사,최재호,20206,3.83
366,382,정신건강과현대사회,김정은,20207,4.35
367,383,중국사회와문화,이수진,20208,0.00
368,384,철학입문,김상연,20209,4.38
369,385,크리에이티브비디오,전동표,20210,2.33
370,386,키치와팝아트,오영진,20211,4.38
371,387,토론과협상,김지아,20212,4.73
372,388,프랑스사회와문화,이숙은,20213,4.22
373,389,프레젠테이션전략,박수진,20214,4.57
374,390,프레젠테이션전략,박수진,20215,4.57
375,391,한국의문화와역사,정갑준,20216,0.00
376,392,현대사회와페미니즘,이원철,20217,3.85
377,393,현대사회와페미니즘,이원철,20218,3.85
378,394,교양심화프랑스어,문규영,20219,0.00
379,395,그림책테라피,조민영,20220,5.00
380,396,그림책테라피,조민영,20221,5.00
381,397,기억력과학습전략,이혜정,20222,5.00
382,398,문화와노동인권,성창기,20223,0.00
383,399,사회적소수자와인권,우충완,20224,3.50
384,400,경영컨설팅으로의초대,김태형,20225,5.00
385,401,장애와미디어교육,우충완,20226,4.80
386,402,젠더혁신프로젝트,장지영,20227,4.00
387,403,치료음악의세계,손소희,20228,4.50
388,404,국제분쟁과미디어,강경란,20229,0.00
389,405,디자인으로생각뒤집기,연혜란,20230,2.00
390,406,셰익스피어심리학,장진태,20231,0.00
391,407,인류사회를변화시킨패션의힘,정연이,20232,4.00
392,409,크리에이티브제안서기획,이상록,20234,0.00
393,410,현대사회의비판적이해,성창기,20235,0.00
394,411,현대우주탐사및추진시스템기초,류근,20236,0.00
395,412,K-POP한국어,남궁정,20237,0.00
396,413,K-POP한국어,이미옥,20238,0.00
397,414,K-POP한국어,한승희,20239,0.00
398,415,아카데믹한국어듣기말하기,남궁정,20247,0.00
399,416,아카데믹한국어듣기말하기,김양희,20248,0.00
400,417,아카데믹한국어듣기말하기,정혜진,20249,0.00
401,418,아카데믹한국어읽기쓰기,김태경,20257,0.00
402,419,아카데믹한국어읽기쓰기,이원희,20258,0.00
403,420,아카데믹한국어읽기쓰기,한승희,20259,0.00
404,421,한국어듣기말하기,김태경,20267,0.00
405,422,한국어듣기말하기,정혜진,20268,0.00
406,423,한국어듣기말하기,허금주,20269,0.00
407,424,한국어읽기쓰기,남궁정,20277,0.00
408,425,한국어읽기쓰기,김양희,20278,0.00
409,426,한국어읽기쓰기,한승희,20279,0.00
410,427,일본사회와문화,김지영,20287,2.64
411,428,실용일본어,지호순,20288,4.67
412,429,문화콘텐츠스토리텔링전략,송화,20293,4.19
413,430,문화기술과사회변동,두일철,20294,3.93
414,431,학술영어1:통합,김석훈,20296,0.00
415,432,서양근현대사,유영호,20297,3.50
416,433,전쟁으로읽는유럽사,유영호,20298,0.00
417,455,학술영어1:통합,Amy Leigh Redding,22975,4.73
418,456,IC-PBL과비전설계,이승환,22992,0.00
419,457,아카데믹글쓰기,강경화,23000,4.63
420,458,인공지능과미래사회,조문기,23002,0.00
421,459,인공지능과미래사회,조상욱,23003,4.80
422,460,학술영어1:통합,Michael James Satterthwaite,23004,4.31
423,461,IC-PBL과비전설계,김남욱,23022,0.00
424,462,인공지능과미래사회,최병규,23029,4.33
425,463,IC-PBL과비전설계,허선,23037,0.00
426,464,인공지능과미래사회,송원선,23045,0.00
427,465,IC-PBL과비전설계,임동우,23054,0.00
428,466,인공지능과미래사회,조문기,23060,0.00
429,467,IC-PBL과비전설계,서원호,23070,0.00
430,468,아카데믹글쓰기,김태경,23078,4.70
431,469,인공지능과미래사회,송원선,23080,0.00
432,470,인공지능과미래사회,최병규,23081,4.33
433,471,IC-PBL과비전설계,노삼영,23086,0.00
434,472,IC-PBL과취창업을위한진로탐색,유제흥,23094,3.86
435,473,학술영어1:통합,George Gregory Young,23103,4.86
436,474,초급중국어,한승,23104,4.80
437,475,IC-PBL과비전설계,김상진,23114,5.00
438,476,IC-PBL과비전설계,김치호,23127,0.00
439,477,초급중국어,이승희,23139,4.67
440,478,IC-PBL과비전설계,한희창,23140,0.00
441,479,IC-PBL과비전설계,김명희,23160,5.00
442,480,학술영어1:통합,Andrew Graham Cater,23178,4.25
443,481,IC-PBL과비전설계,윤성호,23194,0.00
444,482,초급중국어,WU XIAOLI,23234,3.00
445,483,IC-PBL과비전설계,백승현,23237,0.00
446,484,IC-PBL과비전설계,최양호,23266,0.00
447,485,인공지능과미래사회,홍성문,23274,0.00
448,486,IC-PBL과비전설계,신규식,23283,0.00
449,487,IC-PBL과비전설계,양성일,23297,0.00
450,488,학술영어1:통합,George Gregory Young,23305,4.86
451,489,초급중국어,김억섭,23307,0.00
452,490,IC-PBL과비전설계,이성욱,23308,4.00
453,491,학술영어1:통합,Nina K. Iscovitz,23316,3.10
454,492,초급중국어,이수진,23317,4.14
455,493,IC-PBL과비전설계,이형규,23326,0.00
456,494,IC-PBL과비전설계,송지성,23342,0.00
457,495,인공지능과미래사회,조상욱,23349,4.80
458,496,학술영어1:통합,Amanda Marie Dow,23373,3.00
459,497,초급중국어,정민경,23375,4.40
460,498,IC-PBL과비전설계,한미정,23377,5.00
461,499,아카데믹글쓰기,조은정,23391,4.25
462,500,인공지능과미래사회,조문기,23395,0.00
463,501,인공지능과미래사회,홍성문,23396,0.00
464,502,인공지능과미래사회,조상욱,23397,4.80
465,503,인공지능과미래사회,조문기,23398,0.00
466,504,학술영어1:통합,Amanda Marie Dow,23399,3.00
467,505,IC-PBL과비전설계,고현석,23431,0.00
468,506,아카데믹글쓰기,강경화,23447,4.63
469,507,인공지능과미래사회,조문기,23449,0.00
470,508,인공지능과미래사회,송원선,23450,0.00
471,509,학술영어1:통합,Andrew Graham Cater,23451,4.25
472,510,IC-PBL과비전설계,KIM TAE HYUN,23469,0.00
473,511,IC-PBL과비전설계,이해준,23488,0.00
474,512,아카데믹글쓰기,이명연,23493,2.91
475,513,초급중국어,김억섭,23502,0.00
476,514,IC-PBL과비전설계,김동환,23511,0.00
477,515,인공지능과미래사회,조문기,23538,0.00
478,516,소프트웨어의이해,윤종원,23554,4.29
479,517,인공지능과미래사회,송원선,23556,0.00
480,518,인공지능과미래사회,김현하,23557,0.00
481,519,IC-PBL과비전설계,강경태,23566,0.00
482,520,학술영어1:통합,Mark David Lloyd,23570,4.89
483,521,인공지능과미래사회,송원선,23590,0.00
484,522,인공지능과미래사회,김현하,23591,0.00
485,523,IC-PBL과비전설계,경규형,23596,0.00
486,524,아카데믹글쓰기,강경화,23627,4.63
487,525,인공지능과미래사회,홍성문,23628,0.00
488,526,학술영어1:통합,George Gregory Young,23629,4.86
489,527,IC-PBL과비전설계,정혜영,23639,0.00
490,528,인공지능과미래사회,조문기,23642,0.00
491,529,IC-PBL과비전설계,강보수,23655,0.00
492,530,인공지능과미래사회,조문기,23661,0.00
493,531,IC-PBL과비전설계,서혜명,23672,0.00
494,532,인공지능과미래사회,홍성문,23676,0.00
495,533,IC-PBL과비전설계,신동수,23687,0.00
496,534,인공지능과미래사회,조상욱,23697,4.80
497,535,IC-PBL과비전설계,김용신,23705,0.00
498,536,인공지능과미래사회,조상욱,23709,4.80
499,537,IC-PBL과비전설계,신성원,23721,0.00
500,538,IC-PBL과비전설계,이강민,23733,0.00
501,539,IC-PBL과비전설계,이인숙,23745,0.00
502,540,IC-PBL과비전설계,우형진,23778,0.00
503,541,IC-PBL과비전설계,한정완,23791,0.00
504,542,IC-PBL과비전설계,노승관,23805,0.00
505,543,인공지능과미래사회,최성원,23877,1.13
506,544,IC-PBL과비전설계,류근,23896,0.00
507,545,IC-PBL과비전설계,배대성,23897,0.00
508,546,IC-PBL과비전설계,안강호,23898,0.00
509,547,IC-PBL과비전설계,안유민,23899,0.00
510,548,IC-PBL과비전설계,양현익,23900,0.00
511,549,IC-PBL과비전설계,오제훈,23901,5.00
512,550,IC-PBL과비전설계,윤준용,23902,0.00
513,551,IC-PBL과비전설계,이기형,23903,0.00
514,552,IC-PBL과비전설계,이원철,23905,0.00
515,553,IC-PBL과비전설계,조남규,23906,0.00
516,554,IC-PBL과비전설계,최낙삼,23907,0.00
517,555,IC-PBL과비전설계,최준명,23908,0.00
518,556,IC-PBL과비전설계,홍석준,23909,0.00
519,557,IC-PBL과비전설계,김영득,23910,0.00
520,558,IC-PBL과비전설계,김병호,23929,0.00
521,559,IC-PBL과비전설계,김성민,23930,5.00
522,560,IC-PBL과비전설계,김정현,23931,0.00
523,561,IC-PBL과비전설계,남해운,23932,0.00
524,562,IC-PBL과비전설계,노정진,23933,0.00
525,563,IC-PBL과비전설계,박진석,23934,0.00
526,564,IC-PBL과비전설계,백상현,23935,0.00
527,565,IC-PBL과비전설계,서승현,23936,0.00
528,566,IC-PBL과비전설계,신현철,23937,0.00
529,567,IC-PBL과비전설계,심상완,23938,0.00
530,568,IC-PBL과비전설계,어영선,23940,0.00
531,569,IC-PBL과비전설계,오새룬터,23941,0.00
532,570,IC-PBL과비전설계,이동호,23944,5.00
533,571,IC-PBL과비전설계,이민식,23945,0.00
534,572,IC-PBL과비전설계,이성온,23948,0.00
535,573,IC-PBL과비전설계,이정훈,23949,0.00
536,574,IC-PBL과비전설계,이주현,23950,0.00
537,575,IC-PBL과비전설계,이찬길,23951,0.00
538,576,IC-PBL과비전설계,최명렬,23954,0.00
539,577,IC-PBL과비전설계,민웅규,24045,0.00
540,578,IC-PBL과비전설계,이성준,24046,0.00
541,579,IC-PBL과비전설계,김도균,24050,0.00
542,580,IC-PBL과비전설계,이승환,24051,0.00
543,581,IC-PBL과비전설계,이주헌,24052,0.00
544,582,IC-PBL과비전설계,신민재,24071,0.00
545,583,IC-PBL과비전설계,김용승,24072,0.00
546,584,IC-PBL과비전설계,정인하,24073,0.00
547,585,IC-PBL과비전설계,이강석,24074,0.00
548,586,IC-PBL과비전설계,김환용,24075,0.00
549,587,IC-PBL과비전설계,태성호,24076,5.00
550,588,IC-PBL과비전설계,이강준,24077,0.00
551,589,IC-PBL과비전설계,안치원,24078,0.00
552,590,IC-PBL과비전설계,임지택,24079,5.00
553,591,IC-PBL과비전설계,장승환,24104,5.00
554,592,IC-PBL과비전설계,곽동엽,24105,0.00
555,593,IC-PBL과비전설계,안기용,24106,5.00
556,594,IC-PBL과비전설계,김태웅,24107,0.00
557,595,IC-PBL과비전설계,김문일,24108,0.00
558,596,IC-PBL과비전설계,유한규,24109,0.00
559,597,IC-PBL과비전설계,오철,24128,0.00
560,598,IC-PBL과비전설계,김성호,24129,0.00
561,599,IC-PBL과비전설계,박준영,24130,0.00
562,600,IC-PBL과비전설계,이건우,24131,0.00
563,601,IC-PBL과비전설계,박태주,24144,0.00
564,602,IC-PBL과비전설계,이화성,24145,0.00
565,603,IC-PBL과비전설계,김종호,24146,5.00
566,604,IC-PBL과비전설계,박진구,24147,0.00
567,605,IC-PBL과비전설계,안지훈,24148,0.00
568,606,IC-PBL과비전설계,유효종,24149,0.00
569,607,IC-PBL과비전설계,김우희,24150,0.00
570,608,IC-PBL과비전설계,김진경,24151,0.00
571,609,IC-PBL과비전설계,조국영,24152,0.00
572,610,IC-PBL과비전설계,유봉영,24153,0.00
573,611,IC-PBL과비전설계,이정호,24154,0.00
574,612,IC-PBL과비전설계,조용우,24155,0.00
575,613,IC-PBL과비전설계,박태준,24174,0.00
576,614,IC-PBL과비전설계,한재권,24175,0.00
577,615,IC-PBL과비전설계,이지영,24176,0.00
578,616,IC-PBL과비전설계,이영문,24177,0.00
579,617,IC-PBL과비전설계,강창욱,24198,0.00
580,618,IC-PBL과비전설계,김병훈,24199,0.00
581,619,IC-PBL과비전설계,신동민,24200,0.00
582,620,IC-PBL과비전설계,유경렬,24213,0.00
583,621,IC-PBL과비전설계,김영훈,24215,0.00
584,622,IC-PBL과비전설계,김정선,24216,0.00
585,623,IC-PBL과비전설계,김태형,24217,0.00
586,624,IC-PBL과비전설계,도경구,24218,0.00
587,625,IC-PBL과비전설계,마상백,24219,5.00
588,626,IC-PBL과비전설계,박성주,24221,0.00
589,627,IC-PBL과비전설계,윤종원,24223,5.00
590,628,IC-PBL과비전설계,은하수,24224,0.00
591,629,IC-PBL과비전설계,이석복,24226,5.00
592,630,IC-PBL과비전설계,이연준,24227,0.00
593,631,IC-PBL과비전설계,이우석,24228,5.00
594,632,IC-PBL과비전설계,Scott Uk-Jin Lee,24229,0.00
595,633,IC-PBL과비전설계,조성현,24230,0.00
596,634,IC-PBL과비전설계,권영헌,24270,0.00
597,635,IC-PBL과비전설계,손승우,24271,0.00
598,636,IC-PBL과비전설계,정영대,24272,0.00
599,637,IC-PBL과비전설계,정희준,24273,0.00
600,638,IC-PBL과비전설계,홍주유,24274,0.00
601,639,IC-PBL과비전설계,오혜근,24276,0.00
602,640,IC-PBL과비전설계,양철수,24289,0.00
603,641,IC-PBL과비전설계,안성훈,24290,0.00
604,642,IC-PBL과비전설계,황승용,24291,4.00
605,643,IC-PBL과비전설계,정일엽,24292,0.00
606,644,IC-PBL과비전설계,김천,24293,0.00
607,645,IC-PBL과비전설계,정동탁,24294,0.00
608,646,IC-PBL과비전설계,심종인,24320,0.00
609,647,IC-PBL과비전설계,김영현,24321,0.00
610,648,IC-PBL과비전설계,김지원,24322,0.00
611,649,IC-PBL과비전설계,김재균,24323,0.00
612,650,IC-PBL과비전설계,김수은,24324,0.00
613,651,IC-PBL과비전설계,장광석,24325,0.00
614,652,IC-PBL과비전설계,이영복,24326,0.00
615,653,IC-PBL과비전설계,원호식,24327,0.00
616,654,IC-PBL과비전설계,이용우,24328,0.00
617,655,IC-PBL과비전설계,이승현,24329,0.00
618,656,IC-PBL과비전설계,전형필,24330,0.00
619,657,IC-PBL과비전설계,방진호,24331,0.00
620,658,IC-PBL과비전설계,민선준,24332,0.00
621,659,IC-PBL과비전설계,유원철,24333,0.00
622,660,IC-PBL과비전설계,박효석,24367,0.00
623,661,IC-PBL과비전설계,최지웅,24368,0.00
624,662,IC-PBL과비전설계,신경훈,24369,0.00
625,663,IC-PBL과비전설계,현정호,24370,0.00
626,664,IC-PBL과비전설계,예상욱,24371,0.00
627,665,IC-PBL과비전설계,차혜영,24373,0.00
628,666,IC-PBL과비전설계,이재복,24374,5.00
629,667,IC-PBL과비전설계,이필영,24375,0.00
630,668,IC-PBL과비전설계,최진아,24376,0.00
631,669,IC-PBL과비전설계,최경철,24377,0.00
632,670,IC-PBL과비전설계,Park Christian Joon,24378,5.00
633,671,IC-PBL과비전설계,안신원,24379,0.00
634,672,IC-PBL과비전설계,김영재,24380,0.00
635,673,IC-PBL과비전설계,박기수,24381,0.00
636,674,IC-PBL과비전설계,고운기,24382,0.00
637,675,IC-PBL과비전설계,이진,24383,0.00
638,676,IC-PBL과비전설계,박용일,24384,0.00
639,677,IC-PBL과비전설계,김지영,24385,0.00
640,678,IC-PBL과비전설계,정하미,24386,0.00
641,679,IC-PBL과비전설계,유희문,24387,5.00
642,680,IC-PBL과비전설계,이경원,24388,0.00
643,681,IC-PBL과비전설계,김영철,24389,0.00
644,682,IC-PBL과비전설계,강현숙,24390,0.00
645,683,IC-PBL과비전설계,김용수,24391,0.00
646,684,IC-PBL과비전설계,이다미,24392,0.00
647,685,IC-PBL과비전설계,장정우,24393,0.00
648,686,IC-PBL과비전설계,정대호,24394,0.00
649,687,IC-PBL과비전설계,이태형,24395,0.00
650,688,IC-PBL과비전설계,서덕렬,24396,0.00
651,689,IC-PBL과비전설계,김경희,24397,0.00
652,690,IC-PBL과비전설계,김호영,24398,0.00
653,691,IC-PBL과비전설계,이충훈,24399,0.00
654,692,IC-PBL과비전설계,이병관,24400,5.00
655,693,IC-PBL과비전설계,문영숙,24401,0.00
656,694,IC-PBL과비전설계,이현우,24402,0.00
657,695,IC-PBL과비전설계,최윤형,24403,2.00
658,696,IC-PBL과비전설계,이창준,24404,5.00
659,697,IC-PBL과비전설계,박조원,24405,0.00
660,698,IC-PBL과비전설계,박성복,24406,0.00
661,699,IC-PBL과비전설계,이종수,24407,0.00
662,700,IC-PBL과비전설계,전범수,24408,0.00
663,701,IC-PBL과비전설계,박세진,24409,0.00
664,702,IC-PBL과비전설계,윤충한,24411,5.00
665,703,IC-PBL과비전설계,김용규,24412,0.00
666,704,IC-PBL과비전설계,한홍열,24413,0.00
667,705,IC-PBL과비전설계,황영진,24414,0.00
668,706,IC-PBL과비전설계,강임호,24415,0.00
669,707,IC-PBL과비전설계,진창하,24416,5.00
670,708,IC-PBL과비전설계,주동헌,24417,0.00
671,709,IC-PBL과비전설계,김지환,24418,0.00
672,710,IC-PBL과비전설계,류한별,24419,0.00
673,711,IC-PBL과비전설계,김준용,24423,0.00
674,712,IC-PBL과비전설계,김유찬,24424,0.00
675,713,IC-PBL과비전설계,윤우진,24425,5.00
676,714,IC-PBL과비전설계,고동희,24426,0.00
677,715,IC-PBL과비전설계,길재욱,24427,0.00
678,716,IC-PBL과비전설계,김상수,24429,0.00
679,717,IC-PBL과비전설계,백동현,24430,0.00
680,718,IC-PBL과비전설계,김누리,24431,5.00
681,719,IC-PBL과비전설계,최양호,24437,0.00
682,720,IC-PBL과비전설계,김종현,24438,0.00
683,721,IC-PBL과비전설계,권신형,24439,0.00
684,722,IC-PBL과비전설계,홍사선,24440,0.00
685,723,IC-PBL과비전설계,엄경희,24441,0.00
686,724,IC-PBL과비전설계,이영재,24442,0.00
687,725,IC-PBL과비전설계,이광선,24443,0.00
688,726,IC-PBL과비전설계,박경진,24445,0.00
689,727,IC-PBL과비전설계,고보형,24446,0.00
690,728,IC-PBL과비전설계,김태선,24447,0.00
691,729,IC-PBL과비전설계,이재환,24448,0.00
692,730,IC-PBL과비전설계,김응화,24449,0.00
693,731,IC-PBL과비전설계,송민정,24450,0.00
694,732,IC-PBL과비전설계,정의태,24451,0.00
695,733,IC-PBL과비전설계,고은영,24452,0.00
696,734,IC-PBL과비전설계,김헌,24453,0.00
697,735,IC-PBL과비전설계,김성훈,24454,0.00
698,736,IC-PBL과비전설계,임태성,24455,0.00
699,737,IC-PBL과비전설계,권태원,24456,0.00
700,738,IC-PBL과비전설계,박범영,24457,0.00
701,739,IC-PBL과비전설계,박재우,24458,0.00
702,740,IC-PBL과비전설계,남상백,24459,0.00
703,741,IC-PBL과비전설계,고지현,24460,0.00
704,742,IC-PBL과비전설계,곽동민,24461,0.00
705,743,IC-PBL과비전설계,고현정,24462,0.00
706,744,IC-PBL과비전설계,유정연,24463,0.00
707,745,IC-PBL과비전설계,김지석,24464,0.00
708,746,인공지능과미래사회,송원선,24465,0.00
709,747,인공지능과미래사회,최성원,24466,1.13
710,748,아카데믹글쓰기,김양희,24467,4.94
711,749,아카데믹글쓰기,김혜선,24468,0.00
712,750,아카데믹글쓰기,이소연,24469,5.00
713,751,아카데믹글쓰기,윤정화,24470,5.00
714,752,아카데믹글쓰기,최서진,24471,4.38
715,753,아카데믹글쓰기,김태경,24472,4.70
716,754,아카데믹글쓰기,김태경,24473,4.70
717,755,아카데믹글쓰기,곽도연,24474,5.00
718,756,아카데믹글쓰기,박성광,24475,1.60
719,757,아카데믹글쓰기,김양희,24476,4.94
720,758,아카데믹글쓰기,이동재,24477,5.00
721,759,아카데믹글쓰기,곽도연,24478,5.00
722,760,아카데믹글쓰기,정갑준,24479,4.60
723,761,아카데믹글쓰기,김양희,24480,4.94
724,762,아카데믹글쓰기,강경화,24481,4.63
725,763,아카데믹글쓰기,정갑준,24482,4.60
726,764,아카데믹글쓰기,조은정,24483,4.25
727,765,아카데믹글쓰기,백인덕,24484,4.00
728,766,아카데믹글쓰기,황윤실,24485,5.00
729,767,아카데믹글쓰기,황윤실,24486,5.00
730,768,아카데믹글쓰기,백인덕,24488,4.00
731,769,아카데믹글쓰기,강경화,24489,4.63
732,770,아카데믹글쓰기,최서진,24490,4.38
733,771,아카데믹글쓰기,김양희,24491,4.94
734,772,아카데믹글쓰기,강경화,24492,4.63
735,773,아카데믹글쓰기,김혜선,24493,0.00
736,774,아카데믹글쓰기,이소연,24494,5.00
737,775,아카데믹글쓰기,윤정화,24495,5.00
738,776,초급중국어,한승,24496,4.80
739,777,초급중국어,한승,24497,4.80
740,778,초급중국어,ZHANG HONGWEI,24498,4.65
741,779,초급중국어,ZHANG HONGWEI,24499,4.65
742,780,초급중국어,나윤기,24500,2.75
743,781,초급중국어,나윤기,24501,2.75
744,782,초급중국어,정민경,24502,4.40
745,783,초급중국어,홍혜진,24503,4.22
746,784,초급중국어,홍혜진,24504,4.22
747,785,초급중국어,WU XIAOLI,24505,3.00
748,786,초급중국어,WU XIAOLI,24506,3.00
749,787,초급중국어,정민경,24507,4.40
750,788,초급중국어,김지영,24508,4.66
751,789,초급중국어,이승희,24509,4.67
752,790,초급중국어,이승희,24510,4.67
753,791,초급중국어,김하늬,24511,0.00
754,792,초급중국어,이수진,24512,4.14
755,793,초급중국어,나윤기,24513,2.75
756,794,초급중국어,ZHANG HONGWEI,24514,4.65
757,795,초급중국어,홍혜진,24515,4.22
758,796,초급중국어,김지영,24516,4.66
759,797,초급중국어,김지영,24517,4.66
760,798,학술영어1:통합,Douglas J. Scott,24518,4.18
761,799,학술영어1:통합,Michael James Satterthwaite,24519,4.31
762,800,학술영어1:통합,Craig H. Kerschner,24520,5.00
763,801,학술영어1:통합,Mark David Lloyd,24521,4.89
764,802,학술영어1:통합,Euan Matthew Kerr,24522,4.47
765,803,학술영어1:통합,Andrew Graham Cater,24523,4.25
766,804,학술영어1:통합,Nina K. Iscovitz,24524,3.10
767,805,학술영어1:통합,Paul G. Surette,24525,3.50
768,806,학술영어1:통합,Douglas J. Scott,24526,4.18
769,807,학술영어1:통합,Paul G. Surette,24527,3.50
770,808,학술영어1:통합,Andrew Graham Cater,24528,4.25
771,809,학술영어1:통합,Nina K. Iscovitz,24529,3.10
772,810,학술영어1:통합,Craig H. Kerschner,24530,5.00
773,811,학술영어1:통합,Wallace S. Galloway,24531,3.47
774,812,학술영어1:통합,Nina K. Iscovitz,24532,3.10
775,813,학술영어1:통합,Wallace S. Galloway,24533,3.47
776,814,학술영어1:통합,Craig H. Kerschner,24534,5.00
777,815,학술영어1:통합,Amanda Marie Dow,24535,3.00
778,816,학술영어1:통합,Amy Leigh Redding,24536,4.73
779,817,학술영어1:통합,Michael James Satterthwaite,24537,4.31
780,818,학술영어1:통합,Amy Leigh Redding,24538,4.73
781,819,학술영어1:통합,Wallace S. Galloway,24539,3.47
782,820,학술영어1:통합,Michael James Satterthwaite,24540,4.31
783,821,학술영어1:통합,George Gregory Young,24541,4.86
784,822,학술영어1:통합,Nina K. Iscovitz,24542,3.10
785,823,학술영어1:통합,Paul G. Surette,24543,3.50
786,824,학술영어1:통합,Amanda Marie Dow,24544,3.00
787,825,학술영어1:통합,Michael James Satterthwaite,24545,4.31
788,826,학술영어1:통합,Mark David Lloyd,24546,4.89
789,827,학술영어1:통합,Amy Leigh Redding,24547,4.73
790,828,학술영어1:통합,Douglas J. Scott,24548,4.18
791,829,학술영어1:통합,Euan Matthew Kerr,24549,4.47
792,830,학술영어1:통합,Wallace S. Galloway,24550,3.47
793,831,학술영어1:통합,김석훈,24551,0.00
794,832,학술영어1:통합,Paul G. Surette,24552,3.50
795,833,학술영어1:통합,Wallace S. Galloway,24553,3.47
796,834,학술영어1:통합,Euan Matthew Kerr,24554,4.47
797,835,학술영어1:통합,George Gregory Young,24555,4.86
798,836,학술영어1:통합,Craig H. Kerschner,24556,5.00
799,837,학술영어1:통합,Amanda Marie Dow,24557,3.00
800,838,학술영어1:통합,Amy Leigh Redding,24558,4.73
801,839,학술영어1:통합,Andrew Graham Cater,24559,4.25
802,840,학술영어1:통합,Michael James Satterthwaite,24560,4.31
803,841,학술영어1:통합,Douglas J. Scott,24561,4.18
804,842,학술영어1:통합,Mark David Lloyd,24562,4.89
805,843,학술영어1:통합,Douglas J. Scott,24563,4.18
806,844,학술영어1:통합,Paul G. Surette,24564,3.50
807,845,학술영어1:통합,Andrew Graham Cater,24565,4.25
808,846,학술영어1:통합,Mark David Lloyd,24566,4.89
809,847,학술영어1:통합,Nina K. Iscovitz,24567,3.10
810,848,학술영어1:통합,Craig H. Kerschner,24568,5.00
811,849,학술영어1:통합,Amy Leigh Redding,24569,4.73
812,850,학술영어1:통합,Wallace S. Galloway,24570,3.47
813,851,학술영어1:통합,Amanda Marie Dow,24571,3.00
814,852,학술영어1:통합,Euan Matthew Kerr,24572,4.47
815,853,학술영어1:통합,Paul G. Surette,24573,3.50
816,854,학술영어1:통합,Douglas J. Scott,24574,4.18
817,855,학술영어1:통합,Amanda Marie Dow,24575,3.00
818,856,학술영어1:통합,Amy Leigh Redding,24576,4.73
819,857,학술영어1:통합,Mark David Lloyd,24577,4.89
820,858,학술영어1:통합,Andrew Graham Cater,24578,4.25
821,859,학술영어1:통합,George Gregory Young,24579,4.86
822,860,학술영어1:통합,Euan Matthew Kerr,24580,4.47
823,861,학술영어1:통합,Craig H. Kerschner,24581,5.00
824,862,학술영어1:통합,Paul G. Surette,24582,3.50
825,863,IC-PBL과비전설계,고민삼,24584,0.00
826,864,IC-PBL과비전설계,김기범,24585,0.00
827,865,IC-PBL과비전설계,김정룡,24586,0.00
828,866,IC-PBL과비전설계,윤종영,24587,0.00
829,867,IC-PBL과비전설계,이경렬,24588,0.00
830,868,IC-PBL과비전설계,조용우,24589,0.00
831,869,IC-PBL과비전설계,조현의,24590,0.00
832,870,IC-PBL과비전설계,최인경,24591,0.00
833,871,IC-PBL과비전설계,최성경,24595,0.00
834,872,IC-PBL과비전설계,김성욱,24596,0.00
835,873,IC-PBL과비전설계,김성수,24597,5.00
836,874,IC-PBL과비전설계,강경태,24878,0.00
837,875,IC-PBL과비전설계,이동호,24879,5.00
838,876,IC-PBL과비전설계,이형석,24880,0.00
