,text
0,"['운영체제', '원리', '개념', '이해', '운영체제', '제공', '서비스', '이해', '운영체제', '설계', '구현', '이슈']"
1,"['사이버피지컬시스템', '연구실', '연구', '철학', '방향', '이해', '컴퓨터시스템', '성능', '개선', '컴퓨팅', '신뢰', '제고', '프로제스스케줄링', '기술', '입출력', '최적화', '파일시스템', '스토리지', '결함허용기법', '이해', '소정', '인턴비', '지급']"
2,"['데이터베이스', '응용', '빅데이터', '데이터사이언스', '이론', '다양', '실제', '빅데이터', '다양', '속성', '특징', '효과', '분석', '방법', '학생', '빅데이터', '생성', '특징', '분석', '유의', '빅데이터', '분석', '필요', '확률', '통계', '수학', '이론', '학생', '빅데이터', '수집', '분석', '시각', '능력', '배양', '파이썬', '프로그래밍', '스킬', '데이터사이언스', '필요', '데이터', '수집', '전처리', '분석', '시각화', '방법', '습득', '데이터사이언스', '필요', '코딩', '기술', '습득']"
3,"['진로탐색', '세미나', '진행', '취업', '산업체', '인사', '특강', '창업', '산학', '중점', '교수', '진학', '전공교수', '연구', '분야', '소개', '컴퓨터', '분야', '다양', '진로', '탐색', '상담', '시간', '학생', '진로선택', '도움']"
4,"['사이버피지컬시스템', '연구실', '연구', '철학', '방향', '이해', '컴퓨터시스템', '성능', '개선', '컴퓨팅', '신뢰', '제고', '프로제스스케줄링', '기술', '입출력', '최적화', '파일시스템', '스토리지', '결함허용기법', '이해', '소정', '인턴비', '지급']"
5,"['공학인증종합설계', '컴퓨터', '캡스톤디자인', '연장', '지도', '교수', '정기', '미팅', '설계', '방법', '작품', '구현', '내용', '추가', '최근', '기술', '동향', '파악', '세미나', '참석', '요구', '참석', '여부', '최종', '목적', '단위', '소프트웨어개발', '프로젝트', '상품화수준', '소프트웨어개발', '소프트웨어', '품질보장방법', '소프트웨어', '품질', '보장', '소프트웨어개발', '산출물', '요구사항분석', '설계문서', '구현', '노트', '검증방법', '소프트웨어', '소스', '코드', '디버깅', '테스트', '검증방법', '소프트웨어개발', '산출물', '효율', '유지보수방법', '습득', '컴퓨터공학', '학생', '산업체', '요구', '능력', '배양', '학부', '이론', '바탕', '공동', '작품', '설계', '해결', '기법', '함양']"
6,"['인터넷', '내부', '동작', '이해', '초점', '인터넷', '컴퓨터네트워크프로토콜', '응용계층', '시작', '링크', '계층', 'Top-down방식', '소개', '바탕', '인터넷', '프로토콜', '실제', '구현', '프로그램', '작성', '컴퓨터네트워크프로토콜', '응용계층', '시작', '네트워크계층', 'Top-down방식', '바탕', '차세대인터넷프로토콜', '멀티미디어통신프로토콜', '프로그램', '작성', '프로토콜', '동작']"
7,"['기반', '창업', '기업가정신', '창업', '필요', '개념', '숙지', '아이디어', '수집', '비즈니스모델', '예상', '구현모델', '과정', '이해', '제품', '서비스', '구현', '실제', '창업', '경험', '체득', '세부', '내용', '창업프로세스', '창업', '구성', '아이디어', '개발', '시장', '기술', '조사', '비즈니스모델', '설계', '사업계획서', '작성', '제품', '서비스', '개발', '기반', '창업', '준비', '창업', '역량', '창업', '캡스톤디자인', '창업', '캡스톤디자인', '계획', '동일', '통합', '구성', '예정', '창업', '이론', '프로젝트', '실습', '중심', '진행', '창업', '동아리', '타과', '학생', '이론', '동영상', '진행', '프로젝트', '실습', '지정', '멘토', '자율', '진행', '방법', '수강', '멘토링', '팀프로젝트', '중간발표', '기말', '발표', '동영상', '창업아이디어']"
8,"['소프트웨어학부', '심화', '문제', '해결', '산업현장', '개발', '프로젝트', '주제', '지정', '소프트웨어개발', '프로세스', '단계', '문제', '도출', '파악', '조사', '분석', '해결', '절차', '소프트웨어공학', '이론', '지식', '습득', '물론', '토론', '발표', '진행', '학생', '습득', '지식', '공유', '검토', '토론', '지식', '실질', '적용', '실습', '추가', '소프트웨어개발', '프로젝트', '단위', '진행', '개발', '단계', '요구', '요구사항', '명세서', '설계문서', '테스트', '디자인', '산출물', '개발', '마지막', '프로젝트', '총괄', '발표', '진행', '산업현장', '문제', '환경', '고려', '실질', '프로젝트', '기반', '소프트웨어', '시스템', '개발', '학술', '이론', '이해', '현실', '능력', '효과', '배양', '신뢰', '소프트웨어', '효율', '효과', '개발', '기법', '소프트웨어', '개발', '조직', '분석', '설계', '구현', '문서', '테스트', '측면', '다양', '기법', '습득', '습득', '소프트웨어개발', '기법', '적용', '사례', '기법', '기반', '개발', '도구', '사회', '거리', '두기', '단계', '기준', '대면', '병행', '아래', '운영', '이론', '동영상', '금요일', '이론', '동영상', '업로드', '문제', '해결', '활동', '실습', '차질', '진행', '문제', '해결', '활동', '실습수업', '금요일', '점심', '시간', '제외', '참고', '사회', '거리', '두기', '단계', '단계', '격상', '전면', '원격수업', '전환', '사회', '거리', '두기', '단계', '단계', '지속', '유지', '전면', '원격수업', '전환', '마찬가지', '종식', '전면', '대면', '전환', '사회', '거리', '두기', '단계', '운영', '방식', '변경', '가능']"
9,"['시스템프로그래머', '수준', '프로그래밍', '기술', '습득', '리눅스운영체제', '기능', '설계', '개념', '이해', '필요', '시스템', '프로그래밍', '리눅스커널', '제공', '시스템함수', '수준', '프로그램', '제작', '의미', '리눅스운영체제', '개념', '시스템함수', '세부', '동작', '시스템', '프로그래밍', '기초', '언어', '프로그래밍', '능력', '필요', '리눅스운영체제', '기능', '설계', '개념', '시작', '리눅스커널', '제공', '시스템함수', '세부', '동작', '방법', '파일', '시스템함수', '프로세스', '시스템함수', '시그널', '프로세스', '통신', '스레드', '순차', '진행', '방식', '변경', '이론', '원격수업', '진행', '중간고사', '시험', '단원', '진행', '중간고사', '대면시험', '교내', '진행', '수강', '학생', '커널', '제공', '시스템함수', '이용', '파일', '프로세스', '프로세스', '성생', '실행', '종료', '변화', '과정', '시스템함수', '시그널', '연관', '설명', '시그널', '파이프', '메시지', '세마포', '공유', '메모리', '이용', '프로세스', '통신']"
10,"['임베디드시스템', '구성', '임베디드플랫폼', '기반', '임베디드시스템', '적용', '임베디드운영체제', '과정', '운영체제', '펌웨어', '자동차', '비행기', '적용', '실시간운영체제', '스마트폰', '우리', '주변', '다양', '분야', '적용', '임베디드', '리눅스', '디바이스', '제어', '디바이스드라이버', '연동', '과정', '진행', '계획', '임베디드시스템', '설계', '구현', '임베디드플랫폼', '구성', '요소', '분석', '토대', '임베디드시스템', '제어', '소프트웨어', '펌웨어', '실시간운영체제', '임베디드', '범용', '운영', '체제', '차이점', '실제', '코드', '예제', '이해', '운영체제', '동작', '원리', '이론', '이론', '실제', '하드웨어', '연동구조', '분석', '파악', '운영체제', '기반', '디바이스', '제어', '디바이스드라이버']"
11,"['과정', '컴퓨터', '시스템', '다양', '보안', '취약점', '설명', '학생', '공격', '기법', '세부', '사항', '연구', '방어', '방법', '항목', '프로그램', '공격', '버퍼', '오버플로', '공격', '포맷', '문자열', '취약', '레이스', '상태', '취약', '멜트다운', '공격', '스펙터클', '공격', '공격', '학생', '작동', '방식', '가상', '머신', '환경', '공격', '시도', '공격', '주제', '변경', '학생', '실습', '녹음', '라이브', '실습', '세션', '녹화강의', '실시간', '실습']"
12,"['모바일기기', '보급', '모바일컴퓨팅', '애플리케이션', '필수요소', '자리', '모바일', '플랫폼', '시스템', '개발', '필요', '기술', '지식', '이해', '필요', '학생', '인터넷프로토콜', '모바일시스템']"
13,[]
14,"['멀티미디어정보처리', '영상정보처리', '개념', '이해', '하드웨어', '소프트웨어', '기술', '습득', '이론', '알고리즘', '체계', '이해', '구현', '능력', '배양', '멀티미디어', '개념', '영상', '비디오', '영상인식', '시각지능', '머신러닝', '최근', '이슈', '딥러닝', '기반', '영상', '인식', '중점', '실습', '실시간', '화상', '진행', '원칙', '진행', '진행']"
15,"['컴퓨터공학', '프로그램', '작성', '필요', '컴퓨터', '언어', '소프트웨어', '도구', '최적', '컴퓨터구조', '이해', '컴퓨터구조', '명령어', '세트', '레지스터', '기능블록', '구성', '내부', '구조', '메모리', '버스', '구성', '시스템', '구조', '포괄', '컴퓨터', '구성', '메모리', '입출력장치', '제어부', '처리속도', '메모리', '크기', '버스구조', '코아', '개수', '전력소모', '컴퓨터구조', '성능', '척도', '명령어', '세트', '레지스터', '기능', '블럭', '내부', '구조', '이해', '메모리구조', '이해', '보조', '기억', '장치', '컴퓨터', '장치', '이해', '컴퓨터', '제어부', '버스', '파이프라인', '구조', '이해', '컴퓨터성능', '분석']"
16,"['프로그래밍언어', '공통', '원리', '현재', '프로그래밍', '언어', '얼마', '필요', '무엇', '프로그래밍환경', '효과', '운용', '언어', '무엇', '질문', '필요', '소양', '언어', '실행기', '설계', '구현', '개념', '이해', '기초', '귀납적정의', '함수형언어', '언어', '생김새', '의미', '환경', '실행기', '상태', '함수', '호출', '심화', '타입', '추론', '안전', '완전', '형성', '모듈', '쓰레기', '강좌', '함수형언어', '하나']"
17,"['컴퓨터', '소프트웨어', '산업디자인', '설계', '생산', '활용', '파악', '이로', '기초', '지식', '프로그램', '형상', '모델링', '산업디자인', '엔지니어링', '3D설계', '프로그램', '활용', '이론', '실습', '진행', '실제', '기업', '디자인', '시스템', '활용', '능력', '배양']"
18,"['현실', '공감각', '소환', '가상현실', '가상공간', '디자인', '사용자인터페이스', 'UI설계', '기기', '연계', '운영체제', '구축', '가지', '구분', '가지', '상공', '인터페이스', '디자인', '요소', '개념', '특성', '가상', '공간', '영상', '컴퓨터', '그래픽', '영상', '장비', '제작', '기기', '연결', '증강', '정보', '체험', '콘텐츠', '제작', '교육', '의의', '제작', '입체', '영상물', '체험', '수동', '제작', '실제', '인터페이스', '디자인', '피드백', '공유', '사용자인터페이스', 'UI설계', '사항', '연구', '증강현실', '혼합현실', '개념', '유니티', '증강현실', '혼합현실', '콘텐츠', '개발', '연관', 'UI설계', '실용', '겸비', '콘텐츠기획', '개발']"
19,"['미래', '예측', '최선', '방법', '영역', '기술', '융합', '세기', '성장동력', '다종다양', '분야', '상상력', '창조', '원동력', '지식', '기술', '산업', '지도', '기술', '발전', '통사', '단계', '세기', '중반', '단계', '인간', '물질', '기계', '연구', '개발', '강조', '기술', '기계', '중심', '시대', '세기', '중반', '이후', '시작', '단계', '정보', '생명', '가치', '강조', '기술', '정보', '생명', '중심', '과학', '기술', '단계', '세기', '과학', '기술', '기술', '생명', '정보', '감성', '인간', '중심', '융합', '기술', '체제', '논리', '융합', '정도', '단계', '기술', '융합', '융합1.0', '기술', '문화', '디지털', '아날로그', '융합', '방향', '융합2.0', '첨단', '기술', '적용', '융합1.0', '산물', '아날로그', '인터페이스', '설계', '가미', '애플', '제품', '인간', '실제', '동작', '가미', '닌텐도', '인간', '외로움', '사이버', '공간', '해소', '페이스북', '융합2.0', '결과물', '융합3.0', '궁극', '의미', '융합', '인간', '기술', '경계', '상태', '의미', '융합3.0', '인간', '기술', '자연', '상호', '작용', '휴먼', '가치', '제안', '학제', '관점', '이해', '이질', '학문', '영역', '상호', '이해', '협력', '능력', '통합', '사고', '분석', '능력', '학제', '사고', '현상', '분석', '통합', '작업', '능력', '미래', '예측', '능력', '이론', '기술', '복합', '이해', '미래', '방향', '예측', '능력', '성찰', '능력', '융합', '관점', '중심', '개인', '사회', '환경', '문화', '고차', '성찰', '능력']"
20,"['디자인마케팅', '컨설팅', '디자인마케팅', '본질', '이해', '디자인마케팅', '실무', '적용', '단계', '디자인마케팅', '규명', '영역', '다양', '체계', '학문', '내용', '현대', '기업', '과거', '이성', '중심', '소비자', '대상', '중심', '마케팅전략', '감성', '중심', '소비자', '대상', '기업', '브랜드', '인지', '중심', '감성', '마케팅전략', '전환', '이성', '중심', '마케팅전략', '감성', '중심', '디자인', '전략', '결합', '하나', '통합', '프로세스', '소비자', '접근', '감성', '마케팅', '중요', '증대', '디자인', '컨설팅', '디자인', '제품', '조형', '요소', '인터페이스', '이미지', '문화', '라이프', '스타일', '트렌드', '업무', '동시', '마케팅', '경영', '기술', '측면', '포괄', '내용', '디자인마케팅', '컨설팅', '고객', '라이프', '스타일', '다양', '세분', '시장', '고객', '니즈', '욕구', '라이프', '스타일', '이해', '최적', '마케팅', '기법', '활용', '방법', '습득', '목적', '디자인마케팅', '컨설팅', '브랜드', '중심', '비즈니스', '의미', '이해', '디자인마케팅', '컨설팅', '마케팅', '빅데이터', '마케팅', '뉴로', '마케팅', '최근', '주목', '기술', '마케팅', '기법', '컨설팅', '이해']"
21,"['실감형콘텐츠', '입감', '상호', '작용', '지능화', '특징', '현실', '경험', '제공', '콘텐츠', '가상현실', '증강현실', '혼합현실', '그램', '시대', '핵심', '서비스', '등장', '실감형콘텐츠', '4차산업혁명', '시발점', '전망', '실감', '콘텐츠', '혁신', '성장', '실현', '핵심산업', '선정', '만큼', '킬러', '콘텐츠', '부각', '스마트실감형어플리케이션', '동향', '이해', '기술', '습득', '필수', '디자이너', '측면', '어플리케이션', '개발', '필요', '기술', '프로젝트', '업무', '프로세스', '이해', '융합', '역량', '향상', '스마트실감형어플리케이션', '개발', '기술', '습득', '개인', '프로젝트', '응용', '발전']"
22,"['전자회로', '이론', '이해', '가변성', '디자인재료', '센서', '액츄에이터', '컨트롤', '방식', '습득', '기반', '환경', '사용자', '사물', '인터렉션', '구조', '설계', '제품', '환경', '적용', '목적', '실시간', '상강', '병행', '예정']"
23,"['HCI(인간-컴퓨터상호작용)', '융합학문', '인간', '인터렉티브', '컴퓨터', '시스템', '디자인', '구현', '과정', '주요', '현상', '연구', '학문', 'HCI(인간-컴퓨터상호작용)', '유저인터페이스', '설계', '필요', '지식', '인지', '사회', '감성', '인간학', '작업', '도구', '문화', '조직', '사회', '타인', '이해', '다양', 'HCI(인간-컴퓨터상호작용)', '연관', '학문', '컴퓨터공학', '인지심리학', '인간공학', '인공지능', '언어학', '철학', '사회학', '인류학', '디자인', '기계공학', '다양', 'HCI(인간-컴퓨터상호작용)', '기초', '응용', '지식', '습득', 'HCI(인간-컴퓨터상호작용)', '다양', '응용사례', '프로젝트', 'HCI(인간-컴퓨터상호작용)', '기반', '제품', '개발', '과정', '경험', '기회', '제공', 'HCI(인간-컴퓨터상호작용)', '기초', '응용', '지식', '습득', 'HCI(인간-컴퓨터상호작용)', '다양', '응용사례', '프로젝트', 'HCI(인간-컴퓨터상호작용)', '바탕', '제품', '개발', '과정', '이해']"
24,"['Unity게임엔진환경', '프로그래밍언어', '2D게임', '개발', '학생', '변수', '메서드', '컬렉션', '논리', '루프', '패턴', '언어', '사항', '객체지향프로그래밍', '핵심', '개념', '언어', '문법', '사용법', '게임']"
25,"['디지털헬스케어', '서비스', '필요', '대두', '이슈', '분야', '디지털헬스케어', '기초', '지식', '배양', '최신', '트렌드', '팀프로젝트', '실용', '디지털헬스케어', '아이디어', '융합', '사고', '배양', '디지털헬스케어', '개념', '최신', '트렌드', '최신', '트렌드', '기반', '아이디어', '도출', '융합', '사고', '목적']"
26,"['실시간', '진행', '공연예술', '전시', '이벤트', '관객', '컨텐츠', '조우', '독특', '형식', '공연예술', '분야', '관객', '중요', '제작', '요소', '무대공간', '구조', '예술', '의미', '예술', '이해', '공연', '예술', '특징', '구성', '필요', '인문학', '기술', '제반', '요소', '차세대', '다중', '예술', '분야', '핵심', '위치', '차지', '예측', '공연', '산업', '필수', '기술', '요소', '계획', '디자인', '역량', '공연예술', '정의', '배경', '이해', '공연예술', '구성', '예술요소', '공간', '요소', '기술요소', '사회적환경요소', '이해', '문화', '예술', '창조자', '향수', '예술', '유대', '교감', '공연예술', '에너지', '가치', '이해', '차세대', '미디어', '공연', '아이디어', '디자인', '역량', '연결', '기회']"
27,"['전자회로', '이론', '이해', '가변성', '디자인재료', '센서', '액츄에이터', '컨트롤', '방식', '습득', '기반', '환경', '사용자', '사물', '인터렉션', '구조', '설계', '제품', '환경', '적용', '목적', '실시간', '상강', '병행', '예정']"
28,"['웹애플리케이션', '전반', '제작', '과정', '필요', '지식', '반응형웹애플리케이션', '이해', '싱글', '페이지', '웹애플리케이션', '제작', '부트스트랩', '기능', '이용', '기존', '사이트', '부트스트랩', '활용', '코딩']"
29,"['대학원', 'HCI(인간-컴퓨터상호작용)', '학과', '관심', '학생', '대상', 'Interaction&Experience랩', '연구', '실습', '연구실', '실습', '때문', '강사', '사전', '연구', '주제', '상담', '강사', '허락', '수강', '신청', '문헌', '검토', '요인', '실험', '데이터', '분석', '보고서', '생성', '주간', '보고서', '최종', '보고서']"
30,"['HCI(인간-컴퓨터상호작용)', '융합학문', '인간', '인터렉티브', '컴퓨터', '시스템', '디자인', '구현', '과정', '주요', '현상', '연구', '학문', 'HCI(인간-컴퓨터상호작용)', '유저인터페이스', '설계', '필요', '지식', '인지', '사회', '감성', '인간학', '작업', '도구', '문화', '조직', '사회', '타인', '이해', '다양', 'HCI(인간-컴퓨터상호작용)', '연관', '학문', '컴퓨터공학', '인지심리학', '인간공학', '인공지능', '언어학', '철학', '사회학', '인류학', '디자인', '기계공학', '다양', 'HCI(인간-컴퓨터상호작용)', '기초', '응용', '지식', '습득', 'HCI(인간-컴퓨터상호작용)', '다양', '응용사례', '프로젝트', 'HCI(인간-컴퓨터상호작용)', '기반', '제품', '개발', '과정', '경험', '기회', '제공', 'HCI(인간-컴퓨터상호작용)', '기초', '응용', '지식', '습득', 'HCI(인간-컴퓨터상호작용)', '다양', '응용사례', '프로젝트', 'HCI(인간-컴퓨터상호작용)', '바탕', '제품', '개발', '과정', '이해']"
31,"['디지털미디어콘텐츠', '기획', '강좌', '미디어콘텐츠', '이해', '영상', '콘텐츠', '기획', '창작', '실행', '과정', '과정', '미디어콘텐츠', '영역', '웹툰', '역할', '스토리텔링', '기획', '이미지', '텔링', '제작', '프로그램', '미디어콘텐츠', '기획', '스토리텔링', '과정', '콘텐츠기획', '이론', '실제', '진행', '추후', '대면', '필요', '예정']"
32,"['기계', '방법', '기계', '기계', '과업', '데이', '경험', '데이터', '의미', '정보', '지식', '자동', '추출', '기계학습', '핵심', '질문', '기계학습', '개념', '방법', '알고리즘', '본교', '학생', '확률론', '통계학', '선형대수학', '핵심', '지식', '습득', '분류', '예측', '군집', '기계', '방법', '원리', '이해', '기계학습', '문제', '프로그래밍', '실습', '구현', '능력', '개발', '영상', '월요일', '질의', '응답', '중심', '실시간', '금요일', '진행', '석사', '공통', '학부', '상대', '대학원', '상대', '적용', '부여']"
33,"['최근', '디지털콘텐츠', '발전', '데이터', '증가', '정보', '증가', '정보', '차트', '지도', '다이어그램', '흐름', '표현', '정보', '전달', '중요', '역할', '데이터', '인포그래픽', '정보', '편리', '이론', '실습', '정보', '이해', '해석', '부분', '중점', '진행', '데이터', '이해', '정보', '이해', '바탕', '정보', '그래픽', '표현', '정보', '습득', '시간', '단축', '기억', '지속력', '과거로', '인포그래픽', '현재', '발전', '비주얼', '콘텐츠', '지식', '전달', '그래픽', '표현', '목적', '정보', '이해', '분류', '표현', '부분', '중점', '이론', '실습', '미디어', '인포', '그래픽스', '진행']"
34,"['콘텐츠', '기반', '디지털마케팅', '이해', '디지털', '디지털콘텐츠', '방향', '파악', '인터넷', '디지털마케팅', '콘텐츠', '이해', '디지털콘텐츠', '과정', '콘텐츠', '디지털마케팅', '실행', '비지니스', '이해', '이론', '동영상', '실습', '대면', '원칙', '하나', '가능', '실습', '진행']"
35,"['소셜미디어', '포괄', '개념', '일환', '소셜미디어', '성격', '범위', '종류', '이해력', '소셜미디어', '저널', '역할', '대표', '소셜미디어', '사례', '속성', '컨셉', '이해', '동시', '마케팅', '도구', '역할', '일반', '소셜미디어', '검색분석', '소셜데이터', '중요', '사고력', '일반', '광고', '패인', '글로벌트렌드', '중심', '포괄', '진행', '대면', '병행', '학생', '안전', '기반', '블랙보드', '실시간', '화상', '진행', '학생', '비디오', '오디오', '오픈', '실습', '학생', '개인', '역량', '과제', '학생', '자율', '의견', '사고력']"
36,"['대학원', 'HCI(인간-컴퓨터상호작용)', '학과', '관심', '학생', '대상', 'Interaction&Experience랩', '연구', '실습', '연구실', '실습', '때문', '강사', '사전', '연구', '주제', '상담', '강사', '허락', '수강', '신청', '문헌', '검토', '요인', '실험', '데이터', '분석', '보고서', '생성', '주간', '보고서', '최종', '보고서']"
37,"['공학도', '기업가정신', '창업', '컴퓨터', '비즈니스', '이해', '창업', '필요', '경영', '지식', '함양', '창업', '필요', '개념', '숙지', '아이디어', '수집', '비즈니스모델', '예상', '구현모델', '과정', '이해', '제품', '서비스', '구현', '실제', '창업', '경험', '체득', '토로', '세부', '내용', '창업프로세스', '창업', '구성', '아이디어', '개발', '선행기술조사', '아이디어', '구체', '시장', '경쟁사', '분석', '비즈니스모델', '설계', '사업계획서', '작성', '제품', '개발', '기반', '창업', '준비', '창업', '역량', '함양', '창업', '이론', '프로젝트', '실습', '중심', '운영', '창업', '동아리', '타과', '학생', '창업', '캡스톤디자인', '창업', '캡스톤디자인', '학제간', '교류', '필요', '통합', '구성', '예정', '프로젝트', '실습', '멘토', '자율', '진행']"
38,"['ICT융합', '학부', '학생', '산업체', '제시', '과제', '기술', '적용', '융합', '기법', '실무', '미래유망산업', '필수', 'ICT융합', '능력', '배양', '목적', '단위', 'ICT융합', '프로젝트', '기반', '융합', '기법', 'ICT융합', '프로젝트', '필요', '발표력', '팀웍', '의사소통', '능력', '습득', 'ICT융합', '필요', '실무', '기술', '주기', '기업체', '멘토', '진행', '현황', '논의', '완성', 'ICT융합', '학부', '학생', '산업체', '요구', '능력', '배양', '학부', '이론', '바탕', '공동', '작품', '설계', '해결', '기법']"
39,"['리빙랩', '현장', '중심', '실험', '실증방법', '최근', '학계', '산업', '현장', '각광', '학생', '리빙랩', '정의', '개념', '이해', '방법론', '실제', '리빙랩', '사례', '현장', '경험', '리빙랩', '이론', '실제', '경험', '수학', '4차산업혁명', '패러다임', '전환기', '리빙랩', '실천', '방법', '주목', '시점', '중심', '플랫폼', '이해', '과학', '기술', '패러다임', '이해', '중심', '문제', '발견', '해결', '사고', '능력', '함양', '대면', '학교', '방침', '강의', '중심', '진행']"
40,"['대학원', 'HCI(인간-컴퓨터상호작용)', '학과', '관심', '학생', '대상', 'Interaction&Experience랩', '연구', '실습', '연구실', '실습', '때문', '강사', '사전', '연구', '주제', '상담', '강사', '허락', '수강', '신청', '문헌', '검토', '요인', '실험', '데이터', '분석', '보고서', '생성', '주간', '보고서', '최종', '보고서']"
41,"['사회', '진출', '준비', '저학년', '학생', '직업', '세계', '이해', '취업', '스타트업', '진로탐색', '미래설계', '기회', '제공', '기반', '문제', '해결', '문제', '해결', '자기', '분석', '진로탐색', '실습', '과제', '학생', '사회', '진출', '진로설계', '효율', '대학', '생활', '지원', '진로탐색', '진로설정', '문제', '해결', '과제', '장기', '미래설계', '기회', '제공', '미래', '직업', '세계', '탐구', '진로설계', '지원', '대학', '기간', '자기', '계발', '효과', '경력', '지원']"
42,"['기호논리학', '기초', '증명', '작성', '방법', '증명', '이해', '방법', '공부', '불리언대수체계', '논증과정', '증명시스템', '내용', '내용', '학부', '프로그램', '설계', '검증', '능력', '기초', '내용', '명제논리', '1차술어논리', '논리문장', '작성', '방법', '논리문장', '작성', '주장', '정형', '검증', '증명']"
43,"['기호논리학', '기초', '증명', '작성', '방법', '증명', '이해', '방법', '공부', '불리언대수체계', '논증과정', '증명시스템', '내용', '내용', '학부', '프로그램', '설계', '검증', '능력', '기초', '내용', '명제논리', '1차술어논리', '논리문장', '작성', '방법', '논리문장', '작성', '주장', '정형', '검증', '증명']"
44,"['컴퓨터', '문제', '해결', '핵심', '제어구조', '설계', '작성', '원리', '프로그램', '작성', '프로그래밍', '사전', '지식', '필요', '언어', '파이썬', '컴퓨터', '프로그램', '핵심', '제어구조', '설계', '원리', '실습', '숙달', '문제', '중심', '방식', '진행', '실습', '문제', '문제', '원리', '비디오', '사전', '실시간', '응답', '개인', '컴퓨터', '문제', '실습', '진행', '프로그래밍', '숙제', '해결', '능력', '내용', '활용', '보드게임', '카드', '게임', '프로그램', '구성', '제안', '구현', '발표', '시연', '코딩', '실시', '오프라인', '시행', '원칙']"
45,"['컴퓨터', '문제', '해결', '핵심', '제어구조', '설계', '작성', '원리', '프로그램', '작성', '프로그래밍', '사전', '지식', '필요', '언어', '파이썬', '컴퓨터', '프로그램', '핵심', '제어구조', '설계', '원리', '실습', '숙달', '문제', '중심', '방식', '진행', '실습', '문제', '문제', '원리', '비디오', '사전', '실시간', '응답', '개인', '컴퓨터', '문제', '실습', '진행', '프로그래밍', '숙제', '해결', '능력', '내용', '활용', '보드게임', '카드', '게임', '프로그램', '구성', '제안', '구현', '발표', '시연', '코딩', '실시', '오프라인', '시행', '원칙']"
46,"['소프트웨어', '기술', '개념', '프로그램', '제작기법', '연습', '4차산업혁명', '인공지능', '로봇공학', '제조혁신', '기술', '혁신', '사례', '소프트웨어', '기술', '중요', '필요', '동작원리', '활용분야', '소프트웨어', '제작', '기술', '소프트웨어', '설계', '기술', '프로그램', '제작', '구분', '학생', '각자', '다양', '소프트웨어', '기반', '사회', '미래', '주도', '인재', '이해', '소프트웨어', '개념', '동작원리', '습득', '제작법', '경험', '소프트웨어', '기술', '자신', '활용', '적용', '기초', '소양', '함양', '해당', '주차', '수행', '부여', '방법', '항목', '진도', '과제']"
47,"['4차산업혁명', '시대', '주목', '인공지능', '기초', '이론', '인공지능', '이론', '부분', '파이썬', '프로그래밍언어', '머신러닝', '딥러닝', '라이브러리', '활용', '코딩', '실습', '교육', '진행', '인공지능', '이해', '파이썬', '프로그래밍언어', '이해', '인공지능', '실습', '인공지능', '이해']"
48,"['4차산업혁명', '시대', '주목', '인공지능', '기초', '이론', '인공지능', '이론', '부분', '파이썬', '프로그래밍언어', '머신러닝', '딥러닝', '라이브러리', '활용', '코딩', '실습', '교육', '진행', '인공지능', '이해', '파이썬', '프로그래밍언어', '이해', '인공지능', '실습', '인공지능', '이해']"
49,"['자연과학', '기초', '물리학', '이공계', '학생', '이해', '문제', '중요', '물리', '법칙', '개념', '파악', '실제', '자연현상', '형식', '적용', '이해', '능력', '물리학', '원리', '개념', '파악', '적용', '연습문제', '문제', '풀이']"
50,"['과학', '공학', '이공계', '학생', '대상', '물리학', '원리', '개념', '주요', '내용', '뉴턴역학', '파동', '열역학', '사태', '진정', '관계', '원격수업', '기반', '성실', '학생', '학생', '직접', '유도', '수동', '학생', '유의', '수강신청', '물리', '인식', '탈피', '주위', '일상', '자연현상', '일상', '생활', '사물', '이해', '관심', '물리', '흥미', '물리', '인식', '전환', '예정', '단위', '중요', '강조', '물리학', '벡터', '기초', '지식', '습관화', '유도', '수식', '전개', '개념', '설명', '학생', '관심', '유도', '교재', '내용', '학생', '공부', '문제', '풀이', '과제', '계획', '능동', '평소', '본인', '질문', '토의', '게시판', '학생', '항목', '점수', '부과', '대체', '기간', '내용', '문답', '이해', '확인', '평가', '평가', '이상', '결석', '수업', '양방', '향임', '명심', '수동', '적극', '참여', '교재', '본문', '확인', '문제', '본문', '내용', '연장선', '이해', '질문', '나중', '성실', '직결', '참여', '과제', '의논', '이해', '공부', '장려', '출시', '각자', '본인', '능력', '작성', '원칙', '과제', '경우', '작성자', '학생', '처리']"
51,"['물리학', '자연', '현상', '과학', '탐구', '이해', '학문', '관찰', '실험', '필수', '획득', '실험', '결과', '이론', '체계', '비교', '설명', '가지', '성공', '결과', '해석', '물리학', '지식', '체계', '과정', '기초', '실험', '결과', '일반', '물리학', '시간', '내용', '비교', '주제', '이해', '학생', '실험', '문제', '해결', '방법', '도움', '이론', '일반', '물리학', '개념', '실험', '이해', '일반', '물리학', '주제', '일상', '생활', '역학', '실험', '구성', '길이', '정밀', '측정', '시작', '자유낙하', '운동', '뉴턴', '법칙', '에너지', '운동량', '보존', '법칙', '시간', '내용', '실험', '확인', '기회', '일반', '물리학', '이론', '내용', '실험', '확인', '이해', '학생', '실험', '실험', '문제', '해결', '방법', '해당', '학과', '개설', '일반', '물리학', '실험', '수강', '원칙', '해당', '실험실', '사정', '일부', '실험', '종목', '사항', '공학', '계산기', '일반', '물리', '실험교', '지참', '실험', '부상', '노출', '복장', '실험', '반시', '태도', '점수', '실험실', '음식물', '반입', '반시', '태도', '점수', '제물', '기말', '과제', '제외', '대면', '실험', '리포트', '기말', '과제', '태도', '삭감', '점수', '점수', '기말', '과제', '결석', '상황', '위원회', '결정', '동영상', '대체']"
52,"['물리학', '자연', '현상', '과학', '탐구', '이해', '학문', '관찰', '실험', '필수', '획득', '실험', '결과', '이론', '체계', '비교', '설명', '가지', '성공', '결과', '해석', '물리학', '지식', '체계', '과정', '기초', '실험', '결과', '일반', '물리학', '시간', '내용', '비교', '주제', '이해', '학생', '실험', '문제', '해결', '방법', '도움', '이론', '일반', '물리학', '개념', '실험', '이해', '일반', '물리학', '주제', '일상', '생활', '역학', '실험', '구성', '길이', '정밀', '측정', '시작', '자유낙하', '운동', '뉴턴', '법칙', '에너지', '운동량', '보존', '법칙', '시간', '내용', '실험', '확인', '기회', '일반', '물리학', '이론', '내용', '실험', '확인', '이해', '학생', '실험', '실험', '문제', '해결', '방법', '해당', '학과', '개설', '일반', '물리학', '실험', '수강', '원칙', '해당', '실험실', '사정', '일부', '실험', '종목', '사항', '공학', '계산기', '일반', '물리', '실험교', '지참', '실험', '부상', '노출', '복장', '실험', '반시', '태도', '점수', '실험실', '음식물', '반입', '반시', '태도', '점수', '제물', '기말', '과제', '제외', '대면', '실험', '리포트', '기말', '과제', '태도', '삭감', '점수', '점수', '기말', '과제', '결석', '상황', '위원회', '결정', '동영상', '대체']"
53,"['컴퓨터시스템', '구조', '동작원리', '운영체제', '데이터베이스', '핵심', '기술', '포괄', '리눅스운영체제', '사용법', '개론', '내용', '간접', '확인', '실습', '진행', '4차산업혁명', '시대', '핵심', '기술', '동향', '공학', '분야', '역할', '생각', '시간', '컴퓨터시스템', '구조', '동작원리', '운영체제', '데이터베이스', '네트워크', '핵심', '기술', '프로그램', '컴퓨터', '동작', '과정', '이해', '쉘명령어', '환경변수', '방법', '패키지관리', '검색', '압축', '컴파일러', '핵심', '도구', '방법', '스크립트', '작성', '방법', '리눅스', '백업', '방법', '서버', '구성', '접속', '네트워크', '구성', '방법', '향후', '리눅스운영체제', '방법', '4차산업혁명', '핵심기술', '빅데이터', '블록체인', '클라우드', '모바일', '동향', '향후', '전망', '4차산업혁명', '공학', '분야', '역할']"
54,"['컴퓨터시스템', '구조', '동작원리', '운영체제', '데이터베이스', '핵심', '기술', '포괄', '리눅스운영체제', '사용법', '개론', '내용', '간접', '확인', '실습', '진행', '4차산업혁명', '시대', '핵심', '기술', '동향', '공학', '분야', '역할', '생각', '시간', '컴퓨터시스템', '구조', '동작원리', '운영체제', '데이터베이스', '네트워크', '핵심', '기술', '프로그램', '컴퓨터', '동작', '과정', '이해', '쉘명령어', '환경변수', '방법', '패키지관리', '검색', '압축', '컴파일러', '핵심', '도구', '방법', '스크립트', '작성', '방법', '리눅스', '백업', '방법', '서버', '구성', '접속', '네트워크', '구성', '방법', '향후', '리눅스운영체제', '방법', '4차산업혁명', '핵심기술', '빅데이터', '블록체인', '클라우드', '모바일', '동향', '향후', '전망', '4차산업혁명', '공학', '분야', '역할']"
55,"['자연과학', '공학', '기초', '변수', '함수', '미분', '적분', '공부', '함수', '극한', '연속', '미분', '적분', '기초', '개념', '이해', '함수', '미분법', '적분법', '공부', '평면곡선', '표현', '가지', '방법', '이해', '극좌표', '매개변수방정식', '미분', '분법', '공부', '마지막', '무한급수', '테일러급수', '기존', '함수', '해결', '가지', '문제', '해결', '제시', '변수', '함수', '극한', '미분', '적분', '응용', '매개변수방정식', '무한급수', '기본원리', '이해', '응용', '토대', '공업수학', '기초', '과학', '연구', '기초', '마련']"
56,"['자연과학', '공학', '기초', '변수', '함수', '미분', '적분', '공부', '함수', '극한', '연속', '미분', '적분', '기초', '개념', '이해', '함수', '미분법', '적분법', '공부', '평면곡선', '표현', '가지', '방법', '이해', '극좌표', '매개변수방정식', '미분', '분법', '공부', '마지막', '무한급수', '테일러급수', '기존', '함수', '해결', '가지', '문제', '해결', '제시', '변수', '함수', '극한', '미분', '적분', '응용', '매개변수방정식', '무한급수', '기본원리', '이해', '응용', '토대', '공업수학', '기초', '과학', '연구', '기초', '마련']"
57,"['공통기초필수', '신입', '대학', '생활', '적응', '이해', '바탕', '진로', '비전', '설계', '신입생', '교수', '학습자', '소그룹', '내외', '소통', '이해', '분야', '현장', '요구', '역량', '진로', '비전', '설계', '대학', '생활', '적응', '이해', '기초', '중심', '교수', '방법', '문제', '해결', '바탕', '협동', '필요', '역량', '문제해결능력', '함양', '사회', '스킬', '신입', '자기이해', '교수자-학습자', '학습자-학습자', '학습자-학습환경', '소통', '이해', '대학', '생활', '적응', '능동', '진로', '비전', '설계', '수강', '수강', '역량', '함양', '기대', 'PBL(문제해결학습)', '교수-학습방법', '이해', '구성', '진행', '방식', '역할', '구체', '설명', '소그룹', '학습공동체', '의미', '이해', '공동체', '활동', '적극', '현장', '특성', '구조', '문제', '해결', '자기', '주도', '계획']"
58,"['자료', '데이터', '컴퓨터공학', '중요', '구성', '요소', '하나', '빅데이터', '효과', '활용', '자료', '효율', '구성', '저장', '중요', '기술', '이슈', '컴퓨터공학', '자료', '개념', '정의', '자료', '효과', '구성', '저장', '활용', '방법', '소프트웨어', '엔지니어링', '자료구조', '효과', '정의', '활용', '방법', '실습', '과제', '이론', '내용', '바탕', 'c++언어', '자료구조', '알고리즘', '실제', '구현', '스택', '리스트', '탐색', '정렬', '이진트리', '그래프', '응용', '적용', '사례', '과제', '실습', '객체지향프로그램', '자료', '추상', '이해', '자료구조', '개념', '이해', '자료', '구성', '저장', '액세스', '효과', '방안', '대료', '자료', '구조', '리스트', '스택', '트리', '그래프', '자료구조', '활용', '방법']"
59,"['디지털논리회로', '설계', '해석', '필요', '이론', '주요', '교과', '내용', '부울대수', '논리함수', '표현', '간략화기법', '상용논리소자', '인코더', '디코더', '멀티플렉서', '플립플롭', '종류', '동작', '특성', '최종', '조합', '논리', '회로', '순차', '논리', '회로', '설계', '해석', '방법', '학점', '시간', '이론', '시간', '실험', '운영']"
60,"['대학', '계열', '학과', '특성', '진행', '학술영어', '학술영어', '글쓰기', '필요', '영어', '능력', '함양', '계열', '교과', '미래', '직업', '내용', '발표', '토론', '능력', '함양', '통합', '교육']"
61,"['대학생', '계산', '이론', '개념', '소개', '추가', '연구', '관심', '유발', '모델', '의존', '효과', '체계', '무시', '구체', '계산', '문제', '일반', '원칙', '예시', '간주', '계산', '모델', '발견', '일반', '계산', '본질', '특성', '검토', '가지', '주요', '주제', '우려', '튜링', '기계', '프로그램', '동일', '때문', '계산', '모델', '형성', '의미', '계산', '능력', '이것', '때문', '우리', '그것', '일반', '계산', '질문', '어려움', '직면', '우리', '해결', '가능', '재귀', '영역', '우리', '난치성', '발견', '과정', '오토마타', '계산', '가지', '계산', '이론', '영역', '오토마타', '이론', '컴파일러', '과정', '알고리즘', '과정', '설계', '분석', '복잡도', '이론', '필수', '기초', '과정', '계산', '진짜', '영역', '컴퓨터', '계산', '계산', '이론', '이해', '계산', '모형', '형식언어', '이해', '계산', '가능', '이론', '이해', '증명', '문제', '결정', '가능', '명제', '증명', '과정', '계산', '무엇', '계산', '과정', '컴퓨터', '모델', '추상', '구조', '형식', '언어', '세기', '최고', '언어학자', '가지', '종류', '언어', '구성', '언어', '계층', '공부', '형식언어', '이론', '현대', '프로그래밍언어', '컴파일러', '구성', '방법', '적용']"
62,"['선형대수', '개념', '응용', '선형대수', '전산학', '전반', '중요', '기초', '학문', '숙지', '전산학', '응용']"
63,"['인공지능', '데이터마이닝', '컴퓨터네트워크', '다양', '컴퓨터공학', '분야', '필수', '기초', '확률', '이론', '확률', '변수', '개념', '기초', '이론', '중점', '확률', '이론', '구체', '확률변수', '분포함수', '기댓값', '조건부기대값', '확률', '과정', '개념', '이해', '분야', '이용', '수학', '기초', '제공']"
64,"['ICT융합', '학부', '수강', '기호논리학', '기호논리학', '핵심', '문장', '조건', '문장', '정량', '문장', '논리', '문장', '개념', '제시', '문장', '정형', '검증', '증명방법', '소개', '기본', '기호논리학', '근간', '핵심', '문장', '조건', '문장', '정량', '문장', '논리', '주장', '개념', '문장', '논리', '증명', '진리표', '항진', '여부', '별법', '증명', '순유', '증명', '정형', '증명법', '제거', '규칙', '정형', '증명법', '다양', '증명', '방법', '효과', '달성', '다양', '소프트웨어', '활용', '스마트러닝', '플립', '러닝', '진행', '수강', '오프라인', '시간', '각종', '개념', '복습', '각자', '수준', '시간', '소프트웨어', '각자', '실행', '논리학', '다양', '주요', '개념', '숙지']"
65,"['ICT융합', '학부', '수강', '기호논리학', '기호논리학', '핵심', '문장', '조건', '문장', '정량', '문장', '논리', '문장', '개념', '제시', '문장', '정형', '검증', '증명방법', '소개', '기본', '기호논리학', '근간', '핵심', '문장', '조건', '문장', '정량', '문장', '논리', '주장', '개념', '문장', '논리', '증명', '진리표', '항진', '여부', '별법', '증명', '순유', '증명', '정형', '증명법', '제거', '규칙', '정형', '증명법', '다양', '증명', '방법', '효과', '달성', '다양', '소프트웨어', '활용', '스마트러닝', '플립', '러닝', '진행', '수강', '오프라인', '시간', '각종', '개념', '복습', '각자', '수준', '시간', '소프트웨어', '각자', '실행', '논리학', '다양', '주요', '개념', '숙지']"
66,"['월요일', '동영상', '이론', '영어', '금요일', '라이브', '연습', '한국어', '클래스', '변수', '개념', '입력', '출력', '함수', '추상화', '연구', '파이썬', '조건', '루프', '재귀', '프로그램', '제어', '구조', '클래스', '객체', '파이썬', '라이브러리', '개념', '이해', '프로그래밍', '연습', '변수', '연산자', '함수', '프로그래밍', '이해', '프로그램', '흐름', '설계', '문제', '해결', '프로그램', '설계']"
67,"['월요일', '동영상', '이론', '영어', '금요일', '라이브', '연습', '한국어', '클래스', '변수', '개념', '입력', '출력', '함수', '추상화', '연구', '파이썬', '조건', '루프', '재귀', '프로그램', '제어', '구조', '클래스', '객체', '파이썬', '라이브러리', '개념', '이해', '프로그래밍', '연습', '변수', '연산자', '함수', '프로그래밍', '이해', '프로그램', '흐름', '설계', '문제', '해결', '프로그램', '설계']"
68,"['산업', '혁명', '시대', '대표', '창의', '혁신', '기술', '관심', '학생', '대상', '강사', '다양', '교수', '초청', '기술', '미래', '직업', '트렌드', '소개', '3D프린팅', '빅데이터', '자율', '주행', '로봇', '바이오헬스케어', '블록체인', '산업', '사회', '환경', '변화', '학생', '미래', '사회', '요구', '이해', '논의', '학생', '미래', '경험', '기술', '세계', '무엇', '이해', '부문', '공부', '커리큘럼', '아이디어', '개발', '학생', '미래', '학제', '컴퓨팅', '전문가', '현실', '이미지']"
69,"['4차산업혁명', '시대', '주목', '인공지능', '기초', '이론', '인공지능', '이론', '부분', '파이썬', '프로그래밍언어', '머신러닝', '딥러닝', '라이브러리', '활용', '코딩', '실습', '교육', '진행', '인공지능', '이해', '파이썬', '프로그래밍언어', '이해', '인공지능', '실습', '인공지능', '이해']"
70,"['4차산업혁명', '시대', '주목', '인공지능', '기초', '이론', '인공지능', '이론', '부분', '파이썬', '프로그래밍언어', '머신러닝', '딥러닝', '라이브러리', '활용', '코딩', '실습', '교육', '진행', '인공지능', '이해', '파이썬', '프로그래밍언어', '이해', '인공지능', '실습', '인공지능', '이해']"
71,"['과학', '공학', '이공계', '학생', '대상', '물리학', '원리', '개념', '주요', '내용', '뉴턴역학', '파동', '열역학', '사태', '진정', '관계', '원격수업', '기반', '성실', '학생', '학생', '직접', '유도', '수동', '학생', '유의', '수강신청', '물리', '인식', '탈피', '주위', '일상', '자연현상', '일상', '생활', '사물', '이해', '관심', '물리', '흥미', '물리', '인식', '전환', '예정', '단위', '중요', '강조', '물리학', '벡터', '기초', '지식', '습관화', '유도', '수식', '전개', '개념', '설명', '학생', '관심', '유도', '교재', '내용', '학생', '공부', '문제', '풀이', '과제', '계획', '능동', '평소', '본인', '질문', '토의', '게시판', '학생', '항목', '점수', '부과', '대체', '기간', '내용', '문답', '이해', '확인', '평가', '평가', '이상', '결석', '수업', '양방', '향임', '명심', '수동', '적극', '참여', '교재', '본문', '확인', '문제', '본문', '내용', '연장선', '이해', '질문', '나중', '성실', '직결', '참여', '과제', '의논', '이해', '공부', '장려', '출시', '각자', '본인', '능력', '작성', '원칙', '과제', '경우', '작성자', '학생', '처리']"
72,"['자연과학', '기초', '물리학', '이공계', '학생', '이해', '문제', '중요', '물리', '법칙', '개념', '파악', '실제', '자연현상', '형식', '적용', '이해', '능력', '물리학', '원리', '개념', '파악', '적용', '연습문제', '문제', '풀이']"
73,"['자연과학', '공학', '기초', '변수', '함수', '미분', '적분', '공부', '함수', '극한', '연속', '미분', '적분', '기초', '개념', '이해', '함수', '미분법', '적분법', '공부', '평면곡선', '표현', '가지', '방법', '이해', '극좌표', '매개변수방정식', '미분', '분법', '공부', '마지막', '무한급수', '테일러급수', '기존', '함수', '해결', '가지', '문제', '해결', '제시', '변수', '함수', '극한', '미분', '적분', '응용', '매개변수방정식', '무한급수', '기본원리', '이해', '응용', '토대', '공업수학', '기초', '과학', '연구', '기초', '마련']"
74,"['자연과학', '공학', '기초', '변수', '함수', '미분', '적분', '공부', '함수', '극한', '연속', '미분', '적분', '기초', '개념', '이해', '함수', '미분법', '적분법', '공부', '평면곡선', '표현', '가지', '방법', '이해', '극좌표', '매개변수방정식', '미분', '분법', '공부', '마지막', '무한급수', '테일러급수', '기존', '함수', '해결', '가지', '문제', '해결', '제시', '변수', '함수', '극한', '미분', '적분', '응용', '매개변수방정식', '무한급수', '기본원리', '이해', '응용', '토대', '공업수학', '기초', '과학', '연구', '기초', '마련']"
75,"['공통기초필수', '신입', '대학', '생활', '적응', '이해', '바탕', '진로', '비전', '설계', '신입생', '교수', '학습자', '소그룹', '내외', '소통', '이해', '분야', '현장', '요구', '역량', '진로', '비전', '설계', '대학', '생활', '적응', '이해', '기초', '중심', '교수', '방법', 'PBL(문제해결학습)', '바탕', '협동', '필요', '역량', '문제해결능력', '함양', '사회', '스킬', '신입', '자기이해', '교수자-학습자', '학습자-학습자', '학습자-학습환경', '소통', '이해', '대학', '생활', '적응', '능동', '진로', '비전', '설계', '수강', '수강', '역량', '함양', '기대', 'PBL(문제해결학습)', '교수-학습방법', '이해', '구성', '진행', '방식', '역할', '구체', '설명', '소그룹', '학습공동체', '의미', '이해', '공동체', '활동', '적극', '현장', '특성', '구조', '문제', '해결', '자기', '주도', '계획']"
76,"['디자인', '관심', '디자인', '소양', '배양', '공학도', '미학', '관심', '디자인', '학생', '서양미학사', '기초', '지식', '예술', '소양', '배양', '프로그램', '경험', '디자인공학', '학생', '디자인공학', '시작', '수강', '교과', '디자인공학', '융합', '학생', '서양', '미학', '이론', '공학디자이너', '정서', '소양', '배양', '서양미술사', '미술', '치료', '음악', '감상', '정서', '치료', '감성적훈련', '이론', '전시', '공연', '감상', '방법', '현장', '체험', '발표', '디자이너', '정서', '잠재력', '개발', '공학도', '학생', '미학', '지식', '공학', '인터', '액션', '다양', '관점', '미학', '응용', '실전', '지식', '배양']"
77,"['가상현실', '증강현실', '활용', '특수', '목적', '교육', '쇼핑', '엔터', '사회', '전반', '확산', '가상현실', '증강현실', '발전', '국내', '전문가', '부재', '전문', '인력', '필요', '실정', '문제', '해결', '증강', '가상현실', '제작', '도구', '습득', '기반', '창의', '아이디어', '도출', '어플리케이션', '제작', '가상', '증강현실', '기획력', '모바일', '어플리케이션', '개발', '주도', '프로젝트', '능력', '목적', '제시', '프로젝트', '발상', '토론', '과정', '문제', '해결', '창의', '결과물', '경험', '기초', '차후', '가상현실', '유니티', '선수', '가상현실', '개념', '기술', '전반', '이해', '활용', '방법', '차원', '공간', '구현', '활용', '모바일', '기반', '가상현실', '공간', '구성', '활동', '각자', '역할', '가상현실', '콘텐츠', '개발', '이수', '활용', '차원', '콘텐츠', '개발', '가상현실', '콘텐츠', '개발', '자체', '능력', '취득']"
78,"['디자인', '사고력', '아이디어', '표현', '정리', '기초', '드로잉', '기술', '전개', '방법', '습득', '데이터베이스', '능력', '방법', '터득', '컴퓨터드로잉', '그래픽스', '2D프로그램', '자유자재', '활용', '운영', '능력', '프로그램', '효율', '방법', '기술', '적용', '기초', '핸드드로잉', '기술', '아이디어', '표현', '능력', '터득', '2D프로그램', '운영', '능력', '효율', '방법', '드로잉', '표현', '적용', '이론', '실습', '이론', '대면', '실습', '대면', '진행', '진행', '수강', '방식', '주차', '조정']"
79,"['효율', '프로그램', '설계', '구현', '필수', '요소', '하나', '자료', '구조', '공통', '자료구조', '개념', '구조', '그것', '응용', '프로그래밍', '능력', '고양', '창의', '문제', '해결', '능력', '고취', '교재']"
80,"['ICT융합', '학부', '수강', '대상', '소프트웨어개발', '흐름', '대두', '오픈소스SW', '근간', '유닉스', '리눅스', '인터넷', '개발', '방법', '소개', 'ICT융합', '학부', '교육', '과정', '오픈소스SW', '주요', '개념', '이해', '근간', '유닉스', '리눅스', '인터넷', '기본기', '개발', '방법론', '향후', '다양', '소프트웨어개발', '코딩', '수강', '오픈소스SW', '적극', '활용', '기틀', '제공', '미만', '수강', '진행', '이론', '실시간', '원격수업', '이후', '진행', '실습', '실시간', '원격수업', '학생', '투표', '결정', '예정', '진행', '예정']"
81,"['게임디자인', '이론', '게임디자인', '분석', '프레임워크', '게임디자인', '원칙', '흥미', '과제', '소개', '프로토타입', '제작', '테스트', '반복', '과정', '설명', '게임디자인', '가지', '이론', '학생', '소개', '이론', '바탕', '학생', '게임', '디자인']"
82,"['뮤직프로덕션', '업무', '활용', '테크놀로지', '업무', '단계', '음악', '음향학', '악기', '구조', '뮤직프로덕션', '연관', '분야', '믹싱콘솔', '레코더', '마이크로폰', '스피커', '구성', '시스템', '기능', '역할', '이해', '컴퓨터', '기반', 'MIDI미디', '이용', '녹음', '편집', '믹싱', '테크닉', '음악', '제작', '미디어프로덕션', '요구', '프로덕션', '테크닉', '강의식', '수업', '시연', '학생', '실습', '과제', '구성', '뮤직프로덕션', '업무', '개념', '단계', '이해', '음악음향학', '악기', '구조', '이해', '뮤직프로덕션', '활용', '믹싱콘솔', '마이크', '시그널프로세서', '기능', '시스템', '기능', '특성', '이해', '음향', '신호', '연결', '전송', '조정', '기능', '이해']"
83,"['효율', '프로그램', '설계', '구현', '필수', '요소', '하나', '자료', '구조', '공통', '자료구조', '개념', '구조', '그것', '응용', '프로그래밍', '능력', '고양', '창의', '문제', '해결', '능력', '고취', '교재']"
84,"['ICT융합', '학부', '수강', '대상', '소프트웨어개발', '흐름', '대두', '오픈소스SW', '근간', '유닉스', '리눅스', '인터넷', '개발', '방법', '소개', 'ICT융합', '학부', '교육', '과정', '오픈소스SW', '주요', '개념', '이해', '근간', '유닉스', '리눅스', '인터넷', '기본기', '개발', '방법론', '향후', '다양', '소프트웨어개발', '코딩', '수강', '오픈소스SW', '적극', '활용', '기틀', '제공', '미만', '수강', '진행', '이론', '실시간', '원격수업', '이후', '진행', '실습', '실시간', '원격수업', '학생', '투표', '결정', '예정', '진행', '예정']"
85,"['공학', '기기', '제품', '환경', '설계', '인간', '심리', '행태', '조화', '인간', '심리', '특성', '이해', '필요', '교과', '인간', '인지', '특성', '인간', '정보', '습득', '방법', '선택', '주의력', '판단', '오류', '과정', '시각', '정보', '왜곡', '인지부조화', '선입견', '편견', '통계', '왜곡', '언어', '인식', '장애', '인터페이스', '설계', '감성', '방법', '인적오류', '최소', '감성', '경험', '극대', '공학적설계', '원리', '질문', '활용', '방법', '연습', 'UI와UX', 'HCI(인간-컴퓨터상호작용)', '인지인간공학', '사용자중심설계', '디자인', '분야', '필요', '개념', '습득', '공학도', '심리', '특성', '이해', '서비스', '제품', '제작', '소양', '시스템', '오류', '유발', '서비스', '불편', '제품', '완전', '해소', '개념', '방법론', '공학', '심리', '이론', '활용', '활동', '실시', '이론', '진행', '토론', '주제', '논의', '내용', '습득', '확인', '개별', '과제', '기말', '프로젝트', '이후', '팀원', '상호', '개인', '기여', '주의', '팀플레이', '적극']"
86,"['벡터', '행렬', '특징', '이해', '선형방정식', '활용', '이해', '벡터', '행렬', '특성', '선형', '변환', '대각', '주제', '활용', '이해']"
87,"['ICT기술', '기반', '미디어컨버전스', '시대', '도래', '미디어', '방송', '다채널', '유료', '방송', '스마트', '미디어', '디지털', '융복합', '미디어', '등장', '융복합미디어', '등장', '미디어', '기반', '방송', '영화', '음악', '게임', '광고', '마케팅', '콘텐츠', '산업', '변화', '초래', '과제', '개발', '융복합미디어', '개론', '학생', '융복합', '미디어', '소개', '융복합', '미디어', '방송', '영화', '음악', '게임', '광고', '마케팅', '콘텐츠', '산업', '혁명', '변화', '초래', '첫째', '학생', '스마트', '미디어', '융복합', '미디어', '개념', '지식', '둘째', '융복합', '미디어', '미디어', '산업', '영향', '사례', '중심', '셋째', '페이스북', '미디어', '기업', '방문', '학생', '현장', '체험', '넷째', '융복합', '미디어', '기반', '비즈니스모델', '소개', '4차산업혁명', 'ICT융합시대', '필요', '융합', '인재', '양성', '기본', '사례', '발표', '중심', '운영', 'ICT융합', '학부', '미디어', '테크놀로지', '학생', '융복합미디어', '미디어', '커뮤니케이션', '영역', '이해도', '이론', '바탕', '실제', '사례', '구체', '교수', '병행', '학생', '페이스북', '소셜미디어', '기업', '방문', '현장', '실습', '방식', '운영']"
88,"['인공지능', '지적', '호기심', '충족', '이론', '예제', '인공지능', '이해', '필요', '확률', '집합론', '수학', '이론', '인공지능', '논리', '실생활', '사례', '전반', '내용', '현실', '실생활', '예제', '인공지능', '시스템', '원리', '특징', '해결', '과정', '인공지능', '분야', '핵심', '전문가', '시스템', '인공신경망', '퍼지', '시스템', '진화연산', '주요', '기술', '지능', '시스템', '구성', '원리', '지능', '시스템', '활용', '기초', '지식', '인공지능', '활용', '실제', '사례', '이해']"
89,"['정보시스템', '개발', '운영', '언어', '자바', '개념', '응용', '방법', '세부', '자바', '언어', '구조', '분석', '연산자', '제어구조', '객체지향프로그래밍', '클래스', '메소드', '프로세스', '자바', '언어', '구조', '분석', '연산자', '제어구조', '객체지향프로그래밍', '클래스', '메소드', '프로세스', '자바', '프로그래밍', '필요', '지식', '습득', '초급', '자바', '프로그래머', '지식', '프로그래머', '희망', '학생', '프로그래머', '논리', '사고', '능력', '배양']"
90,"['기호논리학', '기초', '증명', '작성', '방법', '증명', '이해', '방법', '공부', '불리언대수체계', '논증과정', '증명시스템', '내용', '내용', '학부', '프로그램', '설계', '검증', '능력', '기초', '내용', '명제논리', '1차술어논리', '논리문장', '작성', '방법', '논리문장', '작성', '주장', '정형', '검증', '증명']"
91,"['프로그램', '구성', '단위', '제어구조', '설계', '작성', '방법', '프로그래밍', '사전', '지식', '필요', '파이썬', '언어', '영향', '실시간', '진행', '기말시험', '가능', '오프라인', '진행', '프로그램', '작성', '원리', '프로그램', '작성', '문제', '중심', '방식', '진행', '주제', '문제', '문제', '원리', '시간', '실시간', '습득', '시간', '실습', '내용', '복습', '프로그래밍', '과제', '해결', '능력', '내용', '활용', '조별', '과제', '보드게임', '카드', '게임', '항목', '제안', '구현', '발표', '시연', '시험']"
92,"['인공지능', '개념', '설명', '딥러닝', '방식', '역전파', '내용', '계산', '그래프', '기법', '시각', '전반', '이론', '실습', '파이썬', '언어', '인공지능', '방식', '교수', '역량', '실질', '예제', '이해']"
93,"['과학', '공학', '이공계', '학생', '대상', '물리학', '원리', '개념', '주요', '내용', '뉴턴역학', '파동', '열역학', '사태', '진정', '관계', '원격수업', '기반', '성실', '학생', '학생', '직접', '유도', '수동', '학생', '유의', '수강신청', '물리', '인식', '탈피', '주위', '일상', '자연현상', '일상', '생활', '사물', '이해', '관심', '물리', '흥미', '물리', '인식', '전환', '예정', '단위', '중요', '강조', '물리학', '벡터', '기초', '지식', '습관화', '유도', '수식', '전개', '개념', '설명', '학생', '관심', '유도', '교재', '내용', '학생', '공부', '문제', '풀이', '과제', '계획', '능동', '평소', '본인', '질문', '토의', '게시판', '학생', '항목', '점수', '부과', '대체', '기간', '내용', '문답', '이해', '확인', '평가', '평가', '이상', '결석', '수업', '양방', '향임', '명심', '수동', '적극', '참여', '교재', '본문', '확인', '문제', '본문', '내용', '연장선', '이해', '질문', '나중', '성실', '직결', '참여', '과제', '의논', '이해', '공부', '장려', '출시', '각자', '본인', '능력', '작성', '원칙', '과제', '경우', '작성자', '학생', '처리']"
94,"['컴퓨터시스템', '구조', '동작원리', '운영체제', '데이터베이스', '핵심', '기술', '포괄', '리눅스운영체제', '사용법', '개론', '내용', '간접', '확인', '실습', '진행', '4차산업혁명', '시대', '핵심', '기술', '동향', '공학', '분야', '역할', '생각', '시간', '컴퓨터시스템', '구조', '동작원리', '운영체제', '데이터베이스', '네트워크', '핵심', '기술', '프로그램', '컴퓨터', '동작', '과정', '이해', '쉘명령어', '환경변수', '방법', '패키지관리', '검색', '압축', '컴파일러', '핵심', '도구', '방법', '스크립트', '작성', '방법', '리눅스', '백업', '방법', '서버', '구성', '접속', '네트워크', '구성', '방법', '향후', '리눅스운영체제', '방법', '4차산업혁명', '핵심기술', '빅데이터', '블록체인', '클라우드', '모바일', '동향', '향후', '전망', '4차산업혁명', '공학', '분야', '역할']"
95,"['자연과학', '공학', '기초', '변수', '함수', '미분', '적분', '공부', '함수', '극한', '연속', '미분', '적분', '기초', '개념', '이해', '함수', '미분법', '적분법', '공부', '평면곡선', '표현', '가지', '방법', '이해', '극좌표', '매개변수방정식', '미분', '분법', '공부', '마지막', '무한급수', '테일러급수', '기존', '함수', '해결', '가지', '문제', '해결', '제시', '변수', '함수', '극한', '미분', '적분', '응용', '매개변수방정식', '무한급수', '기본원리', '이해', '응용', '토대', '공업수학', '기초', '과학', '연구', '기초', '마련']"
96,"['공통기초필수', '신입', '대학', '생활', '적응', '이해', '바탕', '진로', '비전', '설계', '신입생', '교수', '학습자', '소그룹', '내외', '소통', '이해', '분야', '현장', '요구', '역량', '진로', '비전', '설계', '대학', '생활', '한양', '핵심', '역량', '진단', '분야', '이해']"
97,"['공통기초필수', '신입', '대학', '생활', '적응', '이해', '바탕', '진로', '비전', '설계', '신입생', '교수', '학습자', '소그룹', '내외', '소통', '이해', '분야', '현장', '요구', '역량', '진로', '비전', '설계', '대학', '생활', '적응', '이해', '기초', '중심', '교수', '방법', '문제', '해결', '바탕', '협동', '필요', '역량', '문제해결능력', '함양', '사회', '스킬', '신입', '자기이해', '교수자-학습자', '학습자-학습자', '학습자-학습환경', '소통', '이해', '대학', '생활', '적응', '능동', '진로', '비전', '설계', '수강', '수강', '역량', '함양', '기대', 'PBL(문제해결학습)', '교수-학습방법', '이해', '구성', '진행', '방식', '역할', '구체', '설명', '소그룹', '학습공동체', '의미', '이해', '공동체', '활동', '적극', '현장', '특성', '구조', '문제', '해결', '자기', '주도', '계획']"
98,"['공통기초필수', '신입', '대학', '생활', '적응', '이해', '바탕', '진로', '비전', '설계', '신입생', '교수', '학습자', '소그룹', '내외', '소통', '이해', '분야', '현장', '요구', '역량', '진로', '비전', '설계', '대학', '생활', '적응', '이해', '기초', '중심', '교수', '방법', '문제', '해결', '바탕', '협동', '필요', '역량', '문제해결능력', '함양', '사회', '스킬', '신입', '자기이해', '교수자-학습자', '학습자-학습자', '학습자', '환경', '소통', '이해', '대학', '생활', '적응', '능동', '진로', '비전', '설계', '수강', '수강', '역량', '함양', '기대', 'PBL(문제해결학습)', '교수-학습방법', '이해', '구성', '진행', '방식', '역할', '구체', '설명', '소그룹', '학습공동체', '의미', '이해', '공동체', '활동', '적극', '현장', '특성', '구조', '문제', '해결', '자기', '주도', '계획']"
99,"['공통기초필수', '신입', '대학', '생활', '적응', '이해', '바탕', '진로', '비전', '설계', '신입생', '교수', '학습자', '소그룹', '내외', '소통', '이해', '분야', '현장', '요구', '역량', '진로', '비전', '설계', '대학', '생활', '적응', '이해', '기초', '중심', '교수', '방법', 'PBL(문제해결학습)', '바탕', '협동', '필요', '역량', '문제해결능력', '함양', '사회', '스킬', '신입', '자기이해', '교수자-학습자', '학습자-학습자', '학습자-학습환경', '소통', '이해', '대학', '생활', '적응', '능동', '진로', '비전', '설계', '수강', '수강', '역량', '함양', '기대', 'PBL(문제해결학습)', '교수-학습방법', '이해', '구성', '진행', '방식', '역할', '구체', '설명', '소그룹', '학습공동체', '의미', '이해', '공동체', '활동', '적극', '현장', '특성', '구조', '문제', '해결', '자기', '주도', '계획']"
100,"['공통기초필수', '신입', '대학', '생활', '적응', '이해', '바탕', '진로', '비전', '설계', '신입생', '교수', '학습자', '소그룹', '내외', '소통', '이해', '분야', '현장', '요구', '역량', '진로', '비전', '설계', '대학', '생활', '적응', '이해', '기초', '중심', '교수', '방법', '문제', '해결', '바탕', '협동', '필요', '역량', '문제해결능력', '함양', '사회', '스킬', '신입', '자기이해', '교수자-학습자', '학습자-학습자', '학습자-학습환경', '소통', '이해', '대학', '생활', '적응', '능동', '진로', '비전', '설계', '수강', '수강', '역량', '함양', '기대', 'PBL(문제해결학습)', '교수-학습방법', '이해', '구성', '진행', '방식', '역할', '구체', '설명', '소그룹', '학습공동체', '의미', '이해', '공동체', '활동', '적극', '현장', '특성', '구조', '문제', '해결', '자기', '주도', '계획']"
101,"['공통기초필수', '신입', '대학', '생활', '적응', '이해', '바탕', '진로', '비전', '설계', '신입생', '교수', '학습자', '소그룹', '내외', '소통', '이해', '분야', '현장', '요구', '역량', '진로', '비전', '설계', '대학', '생활', '적응', '이해', '기초', '중심', '교수', '방법', '문제', '해결', '바탕', '협동', '필요', '역량', '문제해결능력', '함양', '사회', '스킬', '신입', '자기이해', '교수자-학습자', '학습자-학습자', '학습자-학습환경', '소통', '이해', '대학', '생활', '적응', '능동', '진로', '비전', '설계', '수강', '수강', '역량', '함양', '기대', 'PBL(문제해결학습)', '교수-학습방법', '이해', '구성', '진행', '방식', '역할', '구체', '설명', '소그룹', '학습공동체', '의미', '이해', '공동체', '활동', '적극', '현장', '특성', '구조', '문제', '해결', '자기', '주도', '계획']"
102,"['공통기초필수', '신입', '대학', '생활', '적응', '이해', '바탕', '진로', '비전', '설계', '신입생', '교수', '학습자', '소그룹', '내외', '소통', '이해', '분야', '현장', '요구', '역량', '진로', '비전', '설계', '대학', '생활', '적응', '이해', '기초', '중심', '교수', '방법', '문제', '해결', '바탕', '협동', '필요', '역량', '문제해결능력', '함양', '사회', '스킬', '신입', '자기이해', '교수자-학습자', '학습자-학습자', '학습자', '환경', '소통', '이해', '대학', '생활', '적응', '능동', '진로', '비전', '설계', '수강', '수강', '역량', '함양', '기대', 'PBL(문제해결학습)', '교수-학습방법', '이해', '구성', '진행', '방식', '역할', '구체', '설명', '소그룹', '학습공동체', '의미', '이해', '공동체', '활동', '적극', '현장', '특성', '구조', '문제', '해결', '자기', '주도', '계획']"
103,"['공통기초필수', '신입', '대학', '생활', '적응', '이해', '바탕', '진로', '비전', '설계', '신입생', '교수', '학습자', '소그룹', '내외', '소통', '이해', '분야', '현장', '요구', '역량', '진로', '비전', '설계', '대학', '생활', '적응', '이해', '기초', '중심', '교수', '방법', '바탕', '협동', '필요', '역량', '문제해결능력', '함양', '사회', '스킬', '신입', '자기이해', '교수자-학습자', '학습자-학습자', '학습자-학습환경', '소통', '이해', '대학', '생활', '적응', '능동', '진로', '비전', '설계', '수강', '수강', '역량', '함양', '기대', 'PBL(문제해결학습)', '교수-학습방법', '이해', '구성', '진행', '방식', '역할', '구체', '설명', '소그룹', '학습공동체', '의미', '이해', '공동체', '활동', '적극', '현장', '특성', '구조', '문제', '해결', '자기', '주도', '계획']"
104,"['공통기초필수', '신입', '대학', '생활', '적응', '이해', '바탕', '진로', '비전', '설계', '신입생', '교수', '학습자', '소그룹', '내외', '소통', '이해', '분야', '현장', '요구', '역량', '진로', '비전', '설계', '대학', '생활', '적응', '이해', '기초', '중심', '교수', '방법', '문제', '해결', '바탕', '협동', '필요', '역량', '문제해결능력', '함양', '사회', '스킬', '신입', '자기이해', '교수자-학습자', '학습자-학습자', '학습자-학습환경', '소통', '이해', '대학', '생활', '적응', '능동', '진로', '비전', '설계', '수강', '수강', '역량', '함양', '기대', 'PBL(문제해결학습)', '교수-학습방법', '이해', '구성', '진행', '방식', '역할', '구체', '설명', '소그룹', '학습공동체', '의미', '이해', '공동체', '활동', '적극', '현장', '특성', '구조', '문제', '해결', '자기', '주도', '계획']"
105,"['공통기초필수', '신입', '대학', '생활', '적응', '이해', '바탕', '진로', '비전', '설계', '신입생', '교수', '학습자', '소그룹', '내외', '소통', '이해', '분야', '현장', '요구', '역량', '진로', '비전', '설계', '대학', '생활', '적응', '이해', '기초', '중심', '교수', '방법', '문제', '해결', '바탕', '협동', '필요', '역량', '문제해결능력', '함양', '사회', '스킬', '신입', '자기이해', '교수자-학습자', '학습자-학습자', '학습자-학습환경', '소통', '이해', '대학', '생활', '적응', '능동', '진로', '비전', '설계', '수강', '수강', '역량', '함양', '기대', 'PBL(문제해결학습)', '교수-학습방법', '이해', '구성', '진행', '방식', '역할', '구체', '설명', '소그룹', '학습공동체', '의미', '이해', '공동체', '활동', '적극', '현장', '특성', '구조', '문제', '해결', '자기', '주도', '계획']"
106,"['공통기초필수', '신입', '대학', '생활', '적응', '이해', '바탕', '진로', '비전', '설계', '신입생', '교수', '학습자', '소그룹', '내외', '소통', '이해', '분야', '현장', '요구', '역량', '진로', '비전', '설계', '대학', '생활', '적응', '이해', '기초', '중심', '교수', '방법', '문제', '해결', '바탕', '협동', '필요', '역량', '문제해결능력', '함양', '사회', '스킬', '신입', '자기이해', '교수자-학습자', '학습자-학습자', '학습자-학습환경', '소통', '이해', '대학', '생활', '적응', '능동', '진로', '비전', '설계', '수강', '수강', '역량', '함양', '기대', 'PBL(문제해결학습)', '교수-학습방법', '이해', '구성', '진행', '방식', '역할', '구체', '설명', '소그룹', '학습공동체', '의미', '이해', '공동체', '활동', '적극', '현장', '특성', '구조', '문제', '해결', '자기', '주도', '계획']"
107,"['공통기초필수', '신입', '대학', '생활', '적응', '이해', '바탕', '진로', '비전', '설계', '신입생', '교수', '학습자', '소그룹', '내외', '소통', '이해', '분야', '현장', '요구', '역량', '진로', '비전', '설계', '대학', '생활', '적응', '이해', '기초', '중심', '교수', '방법', '문제', '해결', '바탕', '협동', '필요', '역량', '문제해결능력', '함양', '사회', '스킬', '신입', '자기이해', '교수자-학습자', '학습자-학습자', '학습자-학습환경', '소통', '이해', '대학', '생활', '적응', '능동', '진로', '비전', '설계', '수강', '수강', '역량', '함양', '기대', 'PBL(문제해결학습)', '교수-학습방법', '이해', '구성', '진행', '방식', '역할', '구체', '설명', '소그룹', '학습공동체', '의미', '이해', '공동체', '활동', '적극', '현장', '특성', '구조', '문제', '해결', '자기', '주도', '계획']"
108,"['공통기초필수', '신입', '대학', '생활', '적응', '이해', '바탕', '진로', '비전', '설계', '신입생', '교수', '학습자', '소그룹', '내외', '소통', '이해', '분야', '현장', '요구', '역량', '진로', '비전', '설계', '대학', '생활', '적응', '이해', '기초', '중심', '교수', '방법', '문제', '해결', '바탕', '협동', '필요', '역량', '문제해결능력', '함양', '사회', '스킬', '학교', '일괄', '운영', '실제', '운영', '내용', '변동', '신입', '자기이해', '교수자-학습자', '학습자-학습자', '학습자-학습환경', '소통', '이해', '대학', '생활', '적응', '능동', '진로', '비전', '설계', '수강', '수강', '역량', '함양', '기대', 'PBL(문제해결학습)', '교수-학습방법', '이해', '구성', '진행', '방식', '역할', '구체', '설명', '소그룹', '학습공동체', '의미', '이해', '공동체', '활동', '적극', '현장', '특성', '구조', '문제', '해결', '자기', '주도', '계획']"
109,"['공통기초필수', '신입', '대학', '생활', '적응', '이해', '바탕', '진로', '비전', '설계', '신입생', '교수', '학습자', '소그룹', '내외', '소통', '이해', '분야', '현장', '요구', '역량', '진로', '비전', '설계', '대학', '생활', '적응', '이해', '기초', '중심', '교수', '방법', '문제', '해결', '바탕', '협동', '필요', '역량', '문제해결능력', '함양', '사회', '스킬', '신입', '자기이해', '교수자-학습자', '학습자-학습자', '학습자-학습환경', '소통', '이해', '대학', '생활', '적응', '능동', '진로', '비전', '설계', '수강', '수강', '역량', '함양', '기대', 'PBL(문제해결학습)', '교수-학습방법', '이해', '구성', '진행', '방식', '역할', '구체', '설명', '소그룹', '학습공동체', '의미', '이해', '공동체', '활동', '적극', '현장', '특성', '구조', '문제', '해결', '자기', '주도', '계획']"
110,"['공통기초필수', '신입', '대학', '생활', '적응', '이해', '바탕', '진로', '비전', '설계', '신입생', '교수', '학습자', '소그룹', '내외', '소통', '이해', '분야', '현장', '요구', '역량', '진로', '비전', '설계', '대학', '생활', '적응', '이해', '기초', '중심', '교수', '방법', '문제', '해결', '바탕', '협동', '필요', '역량', '문제해결능력', '함양', '사회', '스킬', '신입', '자기이해', '교수자-학습자', '학습자-학습자', '학습자-학습환경', '소통', '이해', '대학', '생활', '적응', '능동', '진로', '비전', '설계', '수강', '수강', '역량', '함양', '기대', 'PBL(문제해결학습)', '교수-학습방법', '이해', '구성', '진행', '방식', '역할', '구체', '설명', '소그룹', '학습공동체', '의미', '이해', '공동체', '활동', '적극', '현장', '특성', '구조', '문제', '해결', '자기', '주도', '계획', '사회', '거리', '두기', '단계', '기준', '실시간', '상강', '병행', '아래', '운영', '동영상', '설정', '기간', '수강', '실시간', '화상강의', '수강', '전체', '조율', '시간', '진행', '종식', '전면', '대면', '전환', '사회', '거리', '두기', '단계', '운영', '방식', '변경', '가능']"
111,"['공통기초필수', '신입', '대학', '생활', '적응', '이해', '바탕', '진로', '비전', '설계', '신입생', '교수', '학습자', '소그룹', '내외', '소통', '이해', '분야', '현장', '요구', '역량', '진로', '비전', '설계', '대학', '생활', '적응', '이해', '기초', '중심', '교수', '방법', '문제', '해결', '바탕', '협동', '필요', '역량', '문제해결능력', '함양', '사회', '스킬', '신입', '자기이해', '교수자-학습자', '학습자-학습자', '학습자-학습환경', '소통', '이해', '대학', '생활', '적응', '능동', '진로', '비전', '설계', '수강', '수강', '역량', '함양', '기대', 'PBL(문제해결학습)', '교수-학습방법', '이해', '구성', '진행', '방식', '역할', '구체', '설명', '소그룹', '학습공동체', '의미', '이해', '공동체', '활동', '적극', '현장', '특성', '구조', '문제', '해결', '자기', '주도', '계획']"
112,"['학문', '목적', '영어', '통합', '기술', '학생', '특정', '필요', '영어', '능력', '도움', '조정', '과정', '토론', '발표', '기타', '활동', '지원', '분야', '학업', '수준', '독서가', '목적', '과정', '미래', '직장', '필요', '능력', '향상', '코스', '가이드', '코스', '완료', '학생', '영어', '이해력', '영어', '의사소통', '능력', '개발']"
113,"['대학', '계열', '학과', '특성', '진행', '학술영어', '학술영어', '글쓰기', '필요', '영어', '능력', '함양', '계열', '교과', '미래', '직업', '내용', '발표', '토론', '능력', '함양', '통합', '교육', '학문', '목적', '영어', '통합', '기술', '학생', '특정', '필요', '영어', '능력', '도움', '조정', '과정', '토론', '발표', '기타', '활동', '지원', '분야', '학업', '수준', '독서가', '목적', '과정', '미래', '직장', '필요', '능력', '향상', '코스', '가이드', '코스', '완료', '학생', '영어', '이해력', '영어', '의사소통', '능력', '개발']"
114,"['대학', '계열', '학과', '특성', '진행', '학술영어', '학술영어', '글쓰기', '필요', '영어', '능력', '함양', '계열', '교과', '미래', '직업', '내용', '발표', '토론', '능력', '함양', '통합', '교육', '지식']"
115,"['학문', '목적', '영어', '통합', '기술', '학생', '특정', '필요', '영어', '능력', '도움', '조정', '과정', '토론', '발표', '기타', '활동', '지원', '분야', '학업', '수준', '독서가', '목적', '과정', '미래', '직장', '필요', '능력', '향상', '코스', '가이드', '코스', '완료', '학생', '영어', '이해력', '영어', '의사소통', '능력', '개발']"
116,"['대학', '계열', '학과', '특성', '진행', '학술영어', '학술영어', '글쓰기', '필요', '영어', '능력', '함양', '계열', '교과', '미래', '직업', '내용', '발표', '토론', '능력', '함양', '통합', '교육', '학문', '목적', '영어', '통합', '기술', '학생', '특정', '필요', '영어', '능력', '도움', '조정', '과정', '토론', '발표', '기타', '활동', '지원', '분야', '학업', '수준', '독서가', '목적', '과정', '미래', '직장', '필요', '능력', '향상', '코스', '가이드', '코스', '완료', '학생', '영어', '이해력', '영어', '의사소통', '능력', '개발']"
117,"['대학', '계열', '학과', '특성', '진행', '학술영어', '학술영어', '글쓰기', '필요', '영어', '능력', '함양', '계열', '교과', '미래', '직업', '내용', '발표', '토론', '능력', '함양', '통합', '교육']"
118,"['공통기초필수', '신입', '대학', '생활', '적응', '이해', '바탕', '진로', '비전', '설계', '신입생', '교수', '학습자', '소그룹', '내외', '소통', '이해', '분야', '현장', '요구', '역량', '진로', '비전', '설계', '대학', '생활', '적응', '이해', '기초', '중심', '교수', '방법', '문제', '해결', '바탕', '협동', '필요', '역량', '문제해결능력', '함양', '사회', '스킬', '신입', '자기이해', '교수자-학습자', '학습자-학습자', '학습자-학습환경', '소통', '이해', '대학', '생활', '적응', '능동', '진로', '비전', '설계', '수강', '수강', '역량', '함양', '기대', 'PBL(문제해결학습)', '교수-학습방법', '이해', '구성', '진행', '방식', '역할', '구체', '설명', '소그룹', '학습공동체', '의미', '이해', '공동체', '활동', '적극', '현장', '특성', '구조', '문제', '해결', '자기', '주도', '계획']"
119,"['공통기초필수', '신입', '대학', '생활', '적응', '이해', '바탕', '진로', '비전', '설계', '신입생', '교수', '학습자', '소그룹', '내외', '소통', '이해', '분야', '현장', '요구', '역량', '진로', '비전', '설계', '대학', '생활', '적응', '이해', '기초', '중심', '교수', '방법', '문제', '해결', '바탕', '협동', '필요', '역량', '문제해결능력', '함양', '사회', '스킬', '신입', '자기이해', '교수자-학습자', '학습자-학습자', '학습자-학습환경', '소통', '이해', '대학', '생활', '적응', '능동', '진로', '비전', '설계', '수강', '수강', '역량', '함양', '기대', 'PBL(문제해결학습)', '교수-학습방법', '이해', '구성', '진행', '방식', '역할', '구체', '설명', '소그룹', '학습공동체', '의미', '이해', '공동체', '활동', '적극', '현장', '특성', '구조', '문제', '해결', '자기', '주도', '계획']"
120,"['공통기초필수', '신입', '대학', '생활', '적응', '이해', '바탕', '진로', '비전', '설계', '신입생', '교수', '학습자', '소그룹', '내외', '소통', '이해', '분야', '현장', '요구', '역량', '진로', '비전', '설계', '대학', '생활', '적응', '이해', '기초', '중심', '교수', '방법', '문제', '해결', '바탕', '협동', '필요', '역량', '문제해결능력', '함양', '사회', '스킬', '신입', '자기이해', '교수자-학습자', '학습자-학습자', '학습자-학습환경', '소통', '이해', '대학', '생활', '적응', '능동', '진로', '비전', '설계', '수강', '수강', '역량', '함양', '기대', 'PBL(문제해결학습)', '교수-학습방법', '이해', '구성', '진행', '방식', '역할', '구체', '설명', '소그룹', '학습공동체', '의미', '이해', '공동체', '활동', '적극', '현장', '특성', '구조', '문제', '해결', '자기', '주도', '계획']"
121,"['공통기초필수', '신입', '대학', '생활', '적응', '이해', '바탕', '진로', '비전', '설계', '신입생', '교수', '학습자', '소그룹', '내외', '소통', '이해', '분야', '현장', '요구', '역량', '진로', '비전', '설계', '대학', '생활', '적응', '이해', '기초', '중심', '교수', '방법', '문제', '해결', '바탕', '협동', '필요', '역량', '문제해결능력', '함양', '사회', '스킬', '신입', '자기이해', '교수자-학습자', '학습자-학습자', '학습자-학습환경', '소통', '이해', '대학', '생활', '적응', '능동', '진로', '비전', '설계', '수강', '수강', '역량', '함양', '기대', 'PBL(문제해결학습)', '교수-학습방법', '이해', '구성', '진행', '방식', '역할', '구체', '설명', '소그룹', '학습공동체', '의미', '이해', '공동체', '활동', '적극', '현장', '특성', '구조', '문제', '해결', '자기', '주도', '계획']"
122,"['공통기초필수', '신입', '대학', '생활', '적응', '이해', '바탕', '진로', '비전', '설계', '신입생', '교수', '학습자', '소그룹', '내외', '소통', '이해', '분야', '현장', '요구', '역량', '진로', '비전', '설계', '대학', '생활', '적응', '이해', '기초', '중심', '교수', '방법', '문제', '해결', '바탕', '협동', '필요', '역량', '문제해결능력', '함양', '사회', '스킬', '신입', '자기이해', '교수자-학습자', '학습자-학습자', '학습자-학습환경', '소통', '이해', '대학', '생활', '적응', '능동', '진로', '비전', '설계', '수강', '수강', '역량', '함양', '기대', 'PBL(문제해결학습)', '교수-학습방법', '이해', '구성', '진행', '방식', '역할', '구체', '설명', '소그룹', '학습공동체', '의미', '이해', '공동체', '활동', '적극', '현장', '특성', '구조', '문제', '해결', '자기', '주도', '계획']"
123,"['공통기초필수', '신입', '대학', '생활', '적응', '이해', '바탕', '진로', '비전', '설계', '신입생', '교수', '학습자', '소그룹', '내외', '소통', '이해', '분야', '현장', '요구', '역량', '진로', '비전', '설계', '대학', '생활', '적응', '이해', '기초', '중심', '교수', '방법', 'PBL(문제해결학습)', '바탕', '협동', '필요', '역량', '문제해결능력', '함양', '사회', '스킬', '신입', '자기이해', '교수자-학습자', '학습자-학습자', '학습자-학습환경', '소통', '이해', '대학', '생활', '적응', '능동', '전공', '진로', '비전', '설계']"
124,"['공통기초필수', '신입', '대학', '생활', '적응', '이해', '바탕', '진로', '비전', '설계', '신입생', '교수', '학습자', '소그룹', '내외', '소통', '이해', '분야', '현장', '요구', '역량', '진로', '비전', '설계', '대학', '생활', '적응', '이해', '기초', '중심', '교수', '방법', '문제', '해결', '바탕', '협동', '필요', '역량', '문제해결능력', '함양', '사회', '스킬', '신입', '자기이해', '교수자-학습자', '학습자-학습자', '학습자-학습환경', '소통', '이해', '대학', '생활', '적응', '능동', '진로', '비전', '설계', '수강', '수강', '역량', '함양', '기대', 'PBL(문제해결학습)', '교수-학습방법', '이해', '구성', '진행', '방식', '역할', '구체', '설명', '소그룹', '학습공동체', '의미', '이해', '공동체', '활동', '적극', '현장', '특성', '구조', '문제', '해결', '자기', '주도', '계획']"
125,"['공통기초필수', '신입', '대학', '생활', '적응', '이해', '바탕', '진로', '비전', '설계', '신입생', '교수', '학습자', '소그룹', '내외', '소통', '이해', '분야', '현장', '요구', '역량', '진로', '비전', '설계', '대학', '생활', '적응', '이해', '기초', '중심', '교수', '방법', 'PBL(문제해결학습)', '바탕', '협동', '필요', '역량', '문제해결능력', '함양', '사회', '스킬', '신입', '자기이해', '교수자-학습자', '학습자-학습자', '학습자-학습환경', '소통', '이해', '대학', '생활', '적응', '능동', '진로', '비전', '설계', '수강', '수강', '역량', '함양', '기대', 'PBL(문제해결학습)', '교수-학습방법', '이해', '구성', '진행', '방식', '역할', '구체', '설명', '소그룹', '학습공동체', '의미', '이해', '공동체', '활동', '적극', '현장', '특성', '구조', '문제', '해결', '자기', '주도', '계획']"
126,"['교과', '확률이론', '중심', '확률', '공리', '이해', '확률', '분포', '변화', '확률', '개념', '이해', '확률', '공리', '적용', '문제', '확률', '개념', '적용', '문제', '해결']"
127,"['선형대수', '개념', '응용', '선형대수', '전산학', '전반', '중요', '기초', '학문', '숙지', '전산학', '응용']"
128,"['대학생', '계산', '이론', '개념', '소개', '추가', '연구', '관심', '유발', '모델', '의존', '효과', '체계', '무시', '구체', '계산', '문제', '일반', '원칙', '예시', '간주', '계산', '모델', '발견', '일반', '계산', '본질', '특성', '검토', '가지', '주요', '주제', '우려', '튜링', '기계', '프로그램', '동일', '때문', '계산', '모델', '형성', '의미', '계산', '능력', '이것', '때문', '우리', '그것', '일반', '계산', '질문', '어려움', '직면', '우리', '해결', '가능', '재귀', '영역', '우리', '난치성', '발견', '과정', '오토마타', '계산', '가지', '계산', '이론', '영역', '오토마타', '이론', '컴파일러', '과정', '알고리즘', '과정', '설계', '분석', '복잡도', '이론', '필수', '기초', '과정', '계산', '진짜', '영역', '컴퓨터', '계산', '계산', '이론', '이해', '계산', '모형', '형식언어', '이해', '계산', '가능', '이론', '이해', '증명', '문제', '결정', '가능', '명제', '증명', '과정', '계산', '무엇', '계산', '과정', '컴퓨터', '모델', '추상', '구조', '형식', '언어', '세기', '최고', '언어학자', '가지', '종류', '언어', '구성', '언어', '계층', '공부', '형식언어', '이론', '현대', '프로그래밍언어', '컴파일러', '구성', '방법', '적용']"
129,"['자료구조', '지식', '성공', '소프트웨어', '개발', '중요', '인자', '하나', '강좌', '자료구조', '정렬', '탐색', '기초', '알고리즘', '해당', '자료구조', '예제', '제공', '자료구조', '알고리즘', '구체', '구현', '객체지향형언어', '내용', '객체지향형언어', '내용', '구조체', '클래스', '개념', '객체지향형언어', '핵심', '개념', '내용', '구현', '자료구조', '내용', '실용', '전달', '실세계', '자료', '컴퓨터', '내부', '표현', '방법론', '문제', '해결', '스택', '리스트', '자료구조', '표현방법', '습득', '트리', '그래프', '응용', '자료구조', '표현방법', '습득', '자료', '구조', '이용', '탐색', '정렬', '알고리즘', '기초지식', '습득', '프로그래밍언어', '실제', '자료구조', '구현', '방법', '자료구조', '알고리즘', '이용', '문제', '해결', '방법', '터득', '자료', '구조', '지식', '성공', '소프트웨어', '개발', '중요', '인자', '하나', '강좌', '자료구조', '정렬', '탐색', '기초', '알고리즘', '해당', '자료구조', '예제', '제공', '자료구조', '알고리즘', '구체', '구현', '객체지향형언어', '내용', '객체지향형언어', '내용', '구조체', '클래스', '개념', '객체지향형언어', '핵심', '개념', '내용', '구현', '자료구조', '내용', '실용', '전달', '실세계', '자료', '컴퓨터', '내부', '표현', '방법론', '문제', '해결', '스택', '리스트', '자료구조', '표현방법', '습득', '트리', '그래프', '응용', '자료구조', '표현방법', '습득', '자료', '구조', '이용', '탐색', '정렬', '알고리즘', '기초지식', '습득', '프로그래밍언어', '실제', '자료구조', '구현', '방법', '자료구조', '알고리즘', '이용', '문제', '해결', '방법', '터득']"
130,"['자료구조', '지식', '성공', '소프트웨어', '개발', '중요', '인자', '하나', '강좌', '자료구조', '정렬', '탐색', '기초', '알고리즘', '해당', '자료구조', '예제', '제공', '자료구조', '알고리즘', '구체', '구현', '객체지향형언어', '내용', '객체지향형언어', '내용', '구조체', '클래스', '개념', '객체지향형언어', '핵심', '개념', '내용', '구현', '자료구조', '내용', '실용', '전달', '실세계', '자료', '컴퓨터', '내부', '표현', '방법론', '문제', '해결', '스택', '리스트', '자료구조', '표현방법', '습득', '트리', '그래프', '응용', '자료구조', '표현방법', '습득', '자료', '구조', '이용', '탐색', '정렬', '알고리즘', '기초지식', '습득', '프로그래밍언어', '실제', '자료구조', '구현', '방법', '자료구조', '알고리즘', '이용', '문제', '해결', '방법', '터득', '자료', '구조', '지식', '성공', '소프트웨어', '개발', '중요', '인자', '하나', '강좌', '자료구조', '정렬', '탐색', '기초', '알고리즘', '해당', '자료구조', '예제', '제공', '자료구조', '알고리즘', '구체', '구현', '객체지향형언어', '내용', '객체지향형언어', '내용', '구조체', '클래스', '개념', '객체지향형언어', '핵심', '개념', '내용', '구현', '자료구조', '내용', '실용', '전달', '실세계', '자료', '컴퓨터', '내부', '표현', '방법론', '문제', '해결', '스택', '리스트', '자료구조', '표현방법', '습득', '트리', '그래프', '응용', '자료구조', '표현방법', '습득', '자료', '구조', '이용', '탐색', '정렬', '알고리즘', '기초지식', '습득', '프로그래밍언어', '실제', '자료구조', '구현', '방법', '자료구조', '알고리즘', '이용', '문제', '해결', '방법', '터득']"
131,"['사전', '담당', '교수', '면담', '수강', '허락', '수강', '가능', '수강', '빅데이터마이닝', '연구실', '연구', '활동', '기회', '빅데이터마이닝', '연구실', '실용', '어플리케이션', '연구', '초점', '다양', '소셜미디어', '수집', '규모', '형성', '데이터', '연구', '트위터', '그래프', '소셜', '네트워크', '관계', '텍스트', '메시지', '위치', '정보', '성질', '다양', '데이터', '클러스터링', '패턴마이닝', '추천시스템', '개발', '현재', '인간행동', '패턴', '분석', '트위터', '텍스트', '위치', '정보', '여행자', '경로', '패턴', 'Q&A서비스', '데이터', '분석', '분야', '전문가', '연구', '연구', '활용', '기반', '기술', '이용한', '병렬컴퓨팅', '데이터마이닝', '기법', '데이터', '베이스', '자연어', '머신러닝', '딥러닝', '아래', '주제', '선택', '연구', '활동', '딥러닝', '이용', '추천시스템', '연구', '소셜', '네트워크', '정보', '전달', '패턴', '연구', '이미지', '데이터', '검색', '딥러닝', '네트워크', '색인', '기기', '수집', '스트리밍데이터', '이용', '기계', '물론', '주제', '연구', '가능']"
132,"['목적', '학부', '대학원', '연구', '주제', '연구', '활동', '체험', '연구', '역량', '진로설정', '도움', '학생', '조교', '실제', '연구', '지식', '습득', '주별', '연구', '실습', '보고서', '작성', '바탕', '성취도']"
133,"['프로그래밍언어', '시스템', '이론', '실제', '탐구', '프로그램', '효율성', '유지관리성', '확장성', '보안', '프로그래밍', '기법', '유도', '도구', '제작', '근본', '프로그램', '분석', '기법', '공부', '실제', '문제', '해결', '패러다임', '프로그래밍언어', '시스템', '이해', '안전', '보안', '보장', '프로그램', '본질', '파악', '프로그램', '제작', '유도', '도구', '설계', '구현', '능력', '배양']"
134,"['인공지능컴퓨터', '구조', '이해', '설계', 'TPU기반', 'AI프로세서', '구조', '이해', '엔비디아', 'GPU기반', 'AI프로세서', '구조', '이해', '설계', '시뮬레이션', '진행']"
135,"['교수', '연구실', '진행', '연구', '학부생', '대학원', '연구', '주제', '연구', '활동', '체험', '연구', '역량', '진로설정', '도움', '대학원', '연구', '주제', '연구', '활동', '체험', '연구', '역량', '진로설정', '도움']"
136,"['학부', '인텔리전트머신', '연구실', '진행', '연구', '체험', '고급', '지식', '습득', '연구', '역량', '진로설정', '도움', '인텔리전트머신', '연구실', '기계', '최신', '토픽', '연구', '기계', '강화', '연구', '분야', '지식', '습득']"
137,"['대학원', '데이터베이스', '연구실', '연구', '주제', '이해', '대학원', '생활', '비전', '이해', '대학원', '생활', '이해', '대학원', '졸업', '진로', '취업', '이해', '데이터베이스', '연구실', '연구', '주제', '이해']"
138,"['교수', '사전', '면담', '선발', '학생', '대상', '운영', '필요', '연구', '프로젝트', '다양', '방법', '운영', '연구실', '프로젝트', '개별연구', '학생', '간접', '연구', '기회', '부여', '궁극', '학생', '연구', '능력', '향상', '프로젝트', '동안', '연구', '내용', '면담', '신청']"
139,"['프로그램', '분석', '합성', '기존', '연구', '문헌', '조사', '개별연구', '프로그램', '분석', '프로그램', '실행', '성질', '자동', '파악', '기술', '소프트웨어', '오류탐지', '안전', '증명', '프로그램', '최적화', '프로그램', '합성', '수준', '언어', '요구조건', '자동', '그것', '만족', '프로그램', '기술', '연구', '결과', '커뮤니케이션', '능력', '함양', '독자', '연구', '능력', '함양', '프로그래밍언어', '분야', '최신', '연구', '트렌드', '습득']"
140,"['학부', '대학원', '연구', '주제', '활동', '체험', '연구', '역량', '진로설정', '도움', '블록체인', '주요', '연구', '주제', '블록체인', '기술', '서비스', '동향', '수강', '연구', '주제', '내용', '수강', '대학원', '연구', '과제', '실제', '연구', '활동', '경험', '수강', '주별', '월별', '보고서', '작성', '보고서', '바탕', '성취도']"
141,"['학부', '소프트웨어공학', '연구실', '진행', '연구', '체험', '고급', '지식', '습득', '연구', '역량', '진로설정', '도움', '소프트웨어공학', '연구실', '소프트웨어', '개발', '분석', '유지', '보수', '최신', '기술', '개발', '소프트웨어', '품질', '보장', '기법', '연구', '진행', '수강', '신청', '담당', '강사', '사전', '면담', '필수', '고품질', '소프트웨어', '성공', '개발', '개발', '소프트웨어', '품질', '조사', '분석', '개선', '최신', '지식', '기술', '실무', '노하우', '습득', '효과', '달성', '수강', '소프트웨어공학', '연구실', '진행', '실제', '연구', '교수', '박사', '과정', '지도', '연구', '주제', '도출', '필요', '연구', '진행', '연구', '결과물', '도출', '국내', '국제', '학술', '대회', '논문', '발표', '특허', '출원', '실제', '소프트웨어공학', '연구실', '인턴', '예비', '인턴', '대상']"
142,"['인터넷', '내부', '동작', '이해', '초점', '인터넷', '컴퓨터네트워크프로토콜', '응용계층', '시작', '링크', '계층', 'Top-down방식', '소개', '바탕', '인터넷', '프로토콜', '실제', '구현', '프로그램', '작성', '컴퓨터네트워크프로토콜', '응용계층', '시작', '네트워크계층', 'Top-down방식', '바탕', '차세대인터넷프로토콜', '멀티미디어통신프로토콜', '프로그램', '작성', '프로토콜', '동작']"
143,"['컴퓨터공학', '프로그램', '작성', '필요', '컴퓨터', '언어', '소프트웨어', '도구', '최적', '컴퓨터구조', '이해', '컴퓨터구조', '명령어', '세트', '레지스터', '기능블록', '구성', '내부', '구조', '메모리', '버스', '구성', '시스템', '구조', '포괄', '컴퓨터', '구성', '메모리', '입출력장치', '제어부', '처리속도', '메모리', '크기', '버스구조', '코아', '개수', '전력소모', '컴퓨터구조', '성능', '척도', '명령어', '세트', '레지스터', '기능', '블럭', '내부', '구조', '이해', '메모리구조', '이해', '보조', '기억', '장치', '컴퓨터', '장치', '이해', '컴퓨터', '제어부', '버스', '파이프라인', '구조', '이해', '컴퓨터성능', '분석']"
144,"['사전', '담당', '교수', '면담', '수강', '수강', '가능', '수강', '빅데이터마이닝', '연구실', '연구', '활동', '기회', '빅데이터마이닝', '연구실', '실용', '어플리케이션', '연구', '초점', '다양', '소셜미디어', '수집', '규모', '형성', '데이터', '연구', '트위터', '그래프', '소셜', '네트워크', '관계', '텍스트', '메시지', '위치', '정보', '성질', '다양', '데이터', '클러스터링', '패턴마이닝', '추천시스템', '개발', '현재', '인간행동', '패턴', '분석', '트위터', '텍스트', '위치', '정보', '여행자', '경로', '패턴', 'Q&A서비스', '데이터', '분석', '분야', '전문가', '연구', '연구', '활용', '기반', '기술', '이용한', '병렬컴퓨팅', '데이터마이닝', '기법', '데이터', '베이스', '자연어', '머신러닝', '딥러닝', '상급생', '활동', '장학금', '지급', '연계', '연구', '활동', '결과물', '발표', '출판', '학회', '참가', '기회', '아래', '주제', '선택', '연구', '활동', '딥러닝', '이용', '추천시스템', '연구', '소셜', '네트워크', '정보', '전달', '패턴', '연구', '이미지', '데이터', '검색', '딥러닝', '네트워크', '색인', '기기', '수집', '스트리밍데이터', '이용', '기계', '물론', '주제', '연구', '가능']"
145,"['교수', '연구실', '진행', '연구', '학부생', '대학원', '연구', '주제', '연구', '활동', '체험', '연구', '역량', '진로설정', '도움', '학생', '조교', '실제', '연구', '지식', '습득', '주별', '연구', '실습', '보고서', '작성', '바탕', '성취도']"
146,"['프로그래밍언어', '시스템', '이론', '실제', '탐구', '프로그램', '효율성', '유지관리성', '확장성', '보안', '프로그래밍', '기법', '유도', '도구', '제작', '근본', '프로그램', '분석', '기법', '공부', '실제', '문제', '해결', '패러다임', '프로그래밍언어', '시스템', '이해', '안전', '보안', '보장', '프로그램', '본질', '파악', '프로그램', '제작', '유도', '도구', '설계', '구현', '능력', '배양']"
147,"['컴퓨터', '이해', '설계', '시뮬레이션', 'TPU기반', 'AI프로세서', '구조', '이해', '엔비디아', 'GPU기반', 'AI프로세서', '구조', '이해', '설계', '시뮬레이션', '진행']"
148,"['학부', '인텔리전트머신', '연구실', '진행', '연구', '체험', '고급', '지식', '습득', '연구', '역량', '진로설정', '도움', '인공지능', '기계학습', '강화', '이해']"
149,"['교수', '연구실', '진행', '연구', '학부생', '대학원', '연구', '주제', '연구', '활동', '체험', '연구', '역량', '진로설정', '도움', '대학원', '연구', '주제', '연구', '활동', '체험', '연구', '역량', '진로설정', '도움']"
150,"['교수', '사전', '면담', '선발', '학생', '대상', '운영', '필요', '연구', '프로젝트', '다양', '방법', '운영', '연구실', '프로젝트', '개별연구', '학생', '간접', '연구', '기회', '부여', '궁극', '학생', '연구', '능력', '향상', '프로젝트', '동안', '연구', '내용', '면담', '신청']"
151,"['프로그램', '분석', '합성', '기존', '연구', '문헌', '조사', '개별연구', '프로그램', '분석', '프로그램', '실행', '성질', '자동', '파악', '기술', '소프트웨어', '오류탐지', '안전', '증명', '프로그램', '최적화', '프로그램', '합성', '수준', '언어', '요구조건', '자동', '그것', '만족', '프로그램', '기술', '연구', '결과', '커뮤니케이션', '능력', '함양', '독자', '연구', '능력', '함양', '프로그래밍언어', '분야', '최신', '연구', '트렌드', '습득']"
152,"['학부', '대학원', '연구', '주제', '활동', '체험', '연구', '역량', '진로설정', '도움', '블록체인', '주요', '연구', '주제', '블록체인', '기술', '서비스', '동향', '수강', '연구', '주제', '내용', '수강', '대학원', '연구', '과제', '실제', '연구', '활동', '경험', '수강', '주별', '월별', '보고서', '작성', '보고서', '바탕', '성취도']"
153,"['학부', '소프트웨어공학', '연구실', '진행', '연구', '체험', '고급', '지식', '습득', '연구', '역량', '진로설정', '도움', '소프트웨어공학', '연구실', '소프트웨어', '개발', '분석', '유지', '보수', '최신', '기술', '개발', '소프트웨어', '품질', '보장', '기법', '연구', '진행', '수강', '신청', '담당', '강사', '사전', '면담', '필수', '고품질', '소프트웨어', '성공', '개발', '개발', '소프트웨어', '품질', '조사', '분석', '개선', '최신', '지식', '기술', '실무', '노하우', '습득', '기법', '기술', '연구', '효과', '달성', '수강', '소프트웨어공학', '연구실', '진행', '실제', '연구', '교수', '박사', '과정', '지도', '연구', '주제', '도출', '필요', '연구', '진행', '연구', '결과물', '도출', '국내', '국제', '학술', '대회', '논문', '발표', '특허', '출원', '실제', '소프트웨어공학', '연구실', '인턴', '예비', '인턴', '대상']"
154,"['대학원', '데이터베이스', '연구실', '연구', '주제', '이해', '대학원', '생활', '비전', '이해', '대학원', '생활', '이해', '대학원', '졸업', '진로', '취업', '이해', '데이터베이스', '연구실', '연구', '주제', '이해']"
155,"['폐강', '학년', '팀프로젝트', '소프트웨어', '구상', '구현', '발표', '전시', '소프트웨어', '개발', '필요', '기반', '기술', '습득', '과정', '실제', '구현', '활용', '개발', '과정', '발생', '문제점', '해결', '과정', '소프트웨어개발', '방법', '개발툴', '검증방법', '기대', '지도', '교수', '지도', '개별', '계획', '산업체', '요구사항', '소프트웨어', '개발', '기반', '기술', '활용', '소프트웨어개발', '방법론', '적용']"
156,"['목적', '단위', '소프트웨어개발', '프로젝트', '상품화수준', '소프트웨어개발', '소프트웨어', '품질보장방법', '소프트웨어', '품질', '보장', '소프트웨어개발', '산출물', '요구사항분석', '설계문서', '구현', '노트', '검증방법', '소프트웨어', '소스', '코드', '디버깅', '테스트', '검증방법', '소프트웨어개발', '산출물', '효율', '유지보수방법', '습득', '컴퓨터공학', '학생', '산업체', '요구', '능력', '배양', '학부', '이론', '바탕', '공동', '작품', '설계', '해결', '기법', '함양', '목적', '단위', '소프트웨어개발', '프로젝트', '상품화수준', '소프트웨어개발', '소프트웨어', '품질보장방법', '소프트웨어', '품질', '보장', '소프트웨어개발', '산출물', '요구사항분석', '설계문서', '구현', '노트', '검증방법', '소프트웨어', '소스', '코드', '디버깅', '테스트', '검증방법', '소프트웨어개발', '산출물', '효율', '유지보수방법', '습득', '컴퓨터공학', '학생', '산업체', '요구', '능력', '배양', '학부', '이론', '바탕', '공동', '작품', '설계', '해결', '기법', '함양']"
157,"['공학인증종합설계', '컴퓨터', '캡스톤디자인', '연장', '지도', '교수', '정기', '미팅', '설계', '방법', '작품', '구현', '내용', '추가', '최근', '기술', '동향', '파악', '세미나', '참석', '요구', '참석', '여부', '최종', '목적', '단위', '소프트웨어개발', '프로젝트', '상품화수준', '소프트웨어개발', '소프트웨어', '품질보장방법', '소프트웨어', '품질', '보장', '소프트웨어개발', '산출물', '요구사항분석', '설계문서', '구현', '노트', '검증방법', '소프트웨어', '소스', '코드', '디버깅', '테스트', '검증방법', '소프트웨어개발', '산출물', '효율', '유지보수방법', '습득', '컴퓨터공학', '학생', '산업체', '요구', '능력', '배양', '학부', '이론', '바탕', '공동', '작품', '설계', '해결', '기법', '함양']"
158,"['공학인증종합설계', '컴퓨터', '캡스톤디자인', '연장', '지도', '교수', '정기', '미팅', '설계', '방법', '작품', '구현', '내용', '추가', '최근', '기술', '동향', '파악', '세미나', '참석', '요구', '참석', '여부', '최종', '목적', '단위', '소프트웨어개발', '프로젝트', '상품화수준', '소프트웨어개발', '소프트웨어', '품질보장방법', '소프트웨어', '품질', '보장', '소프트웨어개발', '산출물', '요구사항분석', '설계문서', '구현', '노트', '검증방법', '소프트웨어', '소스', '코드', '디버깅', '테스트', '검증방법', '소프트웨어개발', '산출물', '효율', '유지보수방법', '습득', '컴퓨터', '공학', '학생', '산업체', '요구', '능력', '배양', '학부', '이론', '바탕', '공동', '작품', '설계', '해결', '기법', '함양']"
159,"['졸업논문', '과정', '학생', '주제', '졸업작품']"
160,"['공학인증종합설계', '컴퓨터', '캡스톤디자인', '연장', '지도', '교수', '정기', '미팅', '설계', '방법', '작품', '구현', '내용', '추가', '최근', '기술', '동향', '파악', '세미나', '참석', '요구', '참석', '여부', '최종', '목적', '단위', '소프트웨어개발', '프로젝트', '상품화수준', '소프트웨어개발', '소프트웨어', '품질보장방법', '소프트웨어', '품질', '보장', '소프트웨어개발', '산출물', '요구사항분석', '설계문서', '구현', '노트', '검증방법', '소프트웨어', '소스', '코드', '디버깅', '테스트', '검증방법', '소프트웨어개발', '산출물', '효율', '유지보수방법', '습득', '컴퓨터공학', '학생', '산업체', '요구', '능력', '배양', '학부', '이론', '바탕', '공동', '작품', '설계', '해결', '기법', '함양']"
161,"['지도', '교수', '배정', '지도', '교수', '작품', '주제', '선정', '작품', '개발', '진행', '목적', '단위', '소프트웨어개발', '프로젝트', '상품화수준', '소프트웨어개발', '소프트웨어', '품질보장방법', '소프트웨어', '품질', '보장', '소프트웨어개발', '산출물', '요구사항분석', '설계문서', '구현', '노트', '검증방법', '소프트웨어', '소스', '코드', '디버깅', '테스트', '검증방법', '소프트웨어개발', '산출물', '효율', '유지보수방법', '습득', '컴퓨터공학', '학생', '산업체', '요구', '능력', '배양', '학부', '이론', '바탕', '공동', '작품', '설계', '해결', '기법', '함양']"
162,"['지도', '교수', '배정', '지도', '교수', '작품', '주제', '선정', '작품', '개발', '목적', '단위', '소프트웨어개발', '프로젝트', '상품화수준', '소프트웨어개발', '소프트웨어', '품질보장방법', '소프트웨어', '품질', '보장', '소프트웨어개발', '산출물', '요구사항분석', '설계문서', '구현', '노트', '검증방법', '소프트웨어', '소스', '코드', '디버깅', '테스트', '검증방법', '소프트웨어개발', '산출물', '효율', '유지보수방법', '습득', '컴퓨터공학', '학생', '산업체', '요구', '능력', '배양', '학부', '이론', '바탕', '공동', '작품', '설계', '해결', '기법', '함양']"
163,"['지도', '교수', '산업체', '요구', '사항', '바탕', '자체', '설계', '작품', '내용', '주제', '선정', '설계', '구현', '최종', '작품', '완성', '과정', '발생', '문제', '지도', '교수', '산업체', '연구원', '조언', '자체', '해결', '목적', '단위', '소프트웨어개발', '프로젝트', '상품화수준', '소프트웨어개발', '소프트웨어', '품질보장방법', '소프트웨어', '품질', '보장', '소프트웨어개발', '산출물', '요구사항분석', '설계문서', '구현', '노트', '검증방법', '소프트웨어', '소스', '코드', '디버깅', '테스트', '검증방법', '소프트웨어개발', '산출물', '효율', '유지보수방법', '습득', '컴퓨터공학', '학생', '산업체', '요구', '능력', '배양', '학부', '이론', '바탕', '공동', '작품', '설계', '해결', '기법', '함양']"
164,"['세미나', '진행', '캡스톤디자인', '작품', '제작', '필요', '지식확보', '최근', '관련기술동향파악', '내부', '외부', '강사', '초빙', '세미나', '진행', '사전', '공지', '예정', '세미나', '참석', '여부', '최종', '지도', '교수', '미팅', '캡스톤', '작품', '제작', '지도', '교수', '미팅', '조언', '진행', '목적', '단위', '소프트웨어개발', '프로젝트', '상품화수준', '소프트웨어개발', '소프트웨어', '품질보장방법', '소프트웨어', '품질', '보장', '소프트웨어개발', '산출물', '요구사항분석', '설계문서', '구현', '노트', '검증방법', '소프트웨어', '소스', '코드', '디버깅', '테스트', '검증방법', '소프트웨어개발', '산출물', '효율', '유지보수방법', '습득', '컴퓨터', '공학', '학생', '산업체', '요구', '능력', '배양', '학부', '이론', '바탕', '공동', '작품', '설계', '해결', '기법', '함양']"
165,"['공학인증종합설계', '컴퓨터', '캡스톤디자인', '연장', '지도', '교수', '정기', '미팅', '설계', '방법', '작품', '구현', '내용', '학생', '캡스톤', '주제', '진행', '방법', '캡스톤', '프로젝트', '성공']"
166,"['공학인증종합설계', '컴퓨터', '캡스톤디자인', '연장', '지도', '교수', '정기', '미팅', '설계', '방법', '작품', '구현', '내용', '추가', '최근', '기술', '동향', '파악', '세미나', '참석', '요구', '참석', '여부', '최종', '목적', '단위', '소프트웨어개발', '프로젝트', '상품화수준', '소프트웨어개발', '소프트웨어', '품질보장방법', '소프트웨어', '품질', '보장', '소프트웨어개발', '산출물', '요구사항분석', '설계문서', '구현', '노트', '검증방법', '소프트웨어', '소스', '코드', '디버깅', '테스트', '검증방법', '소프트웨어개발', '산출물', '효율', '유지보수방법', '습득', '컴퓨터공학', '학생', '산업체', '요구', '능력', '배양', '학부', '이론', '바탕', '공동', '작품', '설계', '해결', '기법', '함양']"
167,"['세미나', '진행', '캡스톤디자인', '작품', '제작', '필요', '지식확보', '최근', '관련기술동향파악', '내부', '외부', '강사', '초빙', '세미나', '진행', '사전', '공지', '예정', '세미나', '참석', '여부', '최종', '지도', '교수', '미팅', '캡스톤', '작품', '제작', '지도', '교수', '미팅', '조언', '진행', '목적', '단위', '소프트웨어개발', '프로젝트', '상품화수준', '소프트웨어개발', '소프트웨어', '품질보장방법', '소프트웨어', '품질', '보장', '소프트웨어개발', '산출물', '요구사항분석', '설계문서', '구현', '노트', '검증방법', '소프트웨어', '소스', '코드', '디버깅', '테스트', '검증방법', '소프트웨어개발', '산출물', '효율', '유지보수방법', '습득', '컴퓨터공학', '학생', '산업체', '요구', '능력', '배양', '학부', '이론', '바탕', '공동', '작품', '설계', '해결', '기법', '함양']"
168,"['공학인증종합설계', '컴퓨터', '캡스톤디자인', '연장', '지도', '교수', '정기', '미팅', '설계', '방법', '작품', '구현', '내용', '추가', '최근', '기술', '동향', '파악', '세미나', '참석', '요구', '참석', '여부', '최종', '목적', '단위', '소프트웨어개발', '프로젝트', '상품화수준', '소프트웨어개발', '소프트웨어', '품질보장방법', '소프트웨어', '품질', '보장', '소프트웨어개발', '산출물', '요구사항분석', '설계문서', '구현', '노트', '검증방법', '소프트웨어', '소스', '코드', '디버깅', '테스트', '검증방법', '소프트웨어개발', '산출물', '효율', '유지보수방법', '습득', '컴퓨터공학', '학생', '산업체', '요구', '능력', '배양', '학부', '이론', '바탕', '공동', '작품', '설계', '해결', '기법', '함양']"
169,"['게임', '연구실', '진행', 'HCI(인간-컴퓨터상호작용)', '연구', '과제', 'HCI(인간-컴퓨터상호작용)', '연구', '방법', '실제', '경험']"
170,"['대학원', 'HCI(인간-컴퓨터상호작용)', '학과', '관심', '학생', '대상', '교수', '연구실', '연구', '실습', '대상', '연구실', '실습', '때문', '강사', '사전', '연구', '주제', '상담', '강사', '허락', '수강', '신청']"
171,"['수강', '신청', '담당', '강사', '상담', '융합기술혁신', '주제', '중심', 'HCI(인간-컴퓨터상호작용)', '게임', '엡컨텐츠', '헬스케어', 'UI와UX', '융합교육컨텐츠', 'IOT컨텐츠', '이노베이션제품', '운송기기컨텐츠', '공연기획', '무대장치컨텐츠', '테마파크', '엔터테인먼트컨텐츠', '공간기획', '작업', '프로젝트', '진행', '기업', '네트워크', '연결', '현장', '병행', '주제', '현장', '전문가', '멘토', '인프라', '도입', '적극', '활용', '융합기술혁신', '주제', '중심', '프로젝트', '진행', '기업', '네트워크', '연결', '현장', '병행', '현장', '전문가', '도입', '적극', '활용']"
172,"['대학원', 'HCI(인간-컴퓨터상호작용)', '학과', '관심', '학생', '대상', 'Human-AI-Interaction랩', '연구', '실습', '대상', '연구실', '실습', '때문', '강사', '사전', '연구', '주제', '상담', '강사', '허락', '수강', '신청']"
173,"['대학원', 'HCI(인간-컴퓨터상호작용)', '학과', '관심', '학생', '대상', '교수', '연구실', '연구', '경험', '기반', '연구실', '미팅', '때문', '강사', '사전', '연구', '주제', '상담', '강사', '허락', '수강', '신청']"
174,"['대학원', 'HCI(인간-컴퓨터상호작용)', '학과', '관심', '학생', '대상', '교수', '연구실', '연구', '실습', '대상', '연구실', '실습', '때문', '강사', '사전', '연구', '주제', '상담', '강사', '허락', '수강', '신청']"
175,"['융합', '주제', '팀프로젝트', '수강', '신청', '담당', '강사', '주제', '상담', '학생', '관심', '주제', '강사', '지도', '주제', '부합', '수강', '융합', '프로젝트', '주제', '탐색', '팀프로젝트', '개발', '실험', '디자인', '개선', '아이디어', '발굴']"
176,"['애드테크', '트랙', '주제', '전문가', '특강', '개별', '프로젝트', '수강', '신청', '담당', '강사', '주제', '상담', '학생', '관심', '주제', '강사', '지도', '주제', '부합', '수강', '애드테크', '트랙', '전문가', '특강', '애드테크', '트랙', '개별', '프로젝트', '실험', '프로젝트', '개선', '아이디어', '발굴']"
177,"['융합', '주제', '팀프로젝트', '수강', '신청', '담당', '강사', '주제', '상담', '학생', '관심', '주제', '강사', '지도', '주제', '부합', '수강']"
178,"['융합', '주제', '팀프로젝트', '수강', '신청', '담당', '강사', '주제', '상담', '학생', '관심', '주제', '강사', '지도', '주제', '부합', '수강', '다양', '창의', '아이디어', '학생', '컬쳐', '테크놀로지', '구체', '아이디어', '구상', '현실', '통합', '주제', '학생', '협력', '제시', '문제', '해결', '사례', '연구', '실제', '문제', '해결', '프로젝트', '진행']"
179,"['대학원', 'HCI(인간-컴퓨터상호작용)', '학과', '관심', '학생', '대상', 'Human-AI-Interaction랩', '지도', '교수', '고민삼', '연구', '실습', '대상', '연구실', '실습', '때문', '강사', '사전', '연구', '주제', '상담', '강사', '허락', '수강', '신청']"
180,"['게임', '연구실', '진행', 'HCI(인간-컴퓨터상호작용)', '연구', '과제', 'HCI(인간-컴퓨터상호작용)', '연구', '방법', '실제', '경험']"
181,"['HCI(인간-컴퓨터상호작용)', '대학원', '연구', '과정', '관찰', '분야', '이해', '대학원', '진학', '여부', '참색', '과정', '연구실', '프로젝트', '현장', '연구', '활동', '체험']"
182,"['수강', '신청', '담당', '강사', '상담', '융합기술혁신', '주제', '중심', 'HCI(인간-컴퓨터상호작용)', '게임', '엡컨텐츠', '헬스케어', 'UI와UX', '융합교육컨텐츠', 'IOT컨텐츠', '이노베이션제품', '운송기기컨텐츠', '공연기획', '무대장치컨텐츠', '테마파크', '엔터테인먼트컨텐츠', '공간기획', '작업', '프로젝트', '진행', '기업', '네트워크', '연결', '현장', '병행', '주제', '현장', '전문가', '멘토', '인프라', '도입', '적극', '활용', '융합기술혁신', '주제', '중심', '프로젝트', '진행', '기업', '네트워크', '연결', '현장', '병행', '현장', '전문가', '도입', '적극', '활용']"
183,"['대학원', 'HCI(인간-컴퓨터상호작용)', '학과', '관심', '학생', '대상', 'Human-AI-Interaction랩', '연구', '실습', '대상', '연구실', '실습', '때문', '강사', '사전', '연구', '주제', '상담', '강사', '허락', '수강', '신청']"
184,"['대학원', 'HCI(인간-컴퓨터상호작용)', '학과', '관심', '학생', '대상', '교수', '연구실', '연구', '경험', '기반', '연구실', '미팅', '매주', '월요일', '오후', '때문', '강사', '사전', '연구', '주제', '상담', '강사', '허락', '수강', '신청']"
185,"['연구실', '실습', '때문', '강사', '사전', '연구', '주제', '상담', '강사', '허락', '수강', '신청']"
186,"['대학원', 'HCI(인간-컴퓨터상호작용)', '학과', '관심', '학생', '대상', 'Interaction&Experience랩', '연구', '실습', '연구실', '실습', '때문', '강사', '사전', '연구', '주제', '상담', '강사', '허락', '수강', '신청', '문헌', '검토', '요인', '실험', '데이터', '분석', '보고서', '생성', '주간', '보고서', '최종', '보고서']"
187,"['융합', '주제', '팀프로젝트', '수강', '신청', '담당', '강사', '주제', '상담', '학생', '관심', '주제', '강사', '지도', '주제', '부합', '수강']"
188,"['융합', '주제', '팀프로젝트', '수강', '신청', '담당', '강사', '주제', '상담', '학생', '관심', '주제', '강사', '지도', '주제', '부합', '수강', '융합', '프로젝트', '주제', '탐색', '팀프로젝트', '개발', '실험', '디자인', '개선', '아이디어', '발굴']"
189,"['융합', '캡스톤디자인', '이수', '학생', '대상', '애드테크', '실습', '학년', '애드테크', '트랙', '학생', '분야', '취업', '도움', '데이터', '마케팅', '실무', '능력', '향상', '초점']"
190,"['융합', '주제', '팀프로젝트', '수강', '신청', '담당', '강사', '주제', '상담', '학생', '관심', '주제', '강사', '지도', '주제', '부합', '수강']"
191,"['융합', '주제', '팀프로젝트', '수강', '신청', '담당', '강사', '주제', '상담', '학생', '관심', '주제', '강사', '지도', '주제', '부합', '수강', '학생', '개인', '관심', '주제', '결과물', '도출', '필요', '제시', '합리', '접근', '방법', '수립']"
192,"['뮤직프로덕션', '업무', '활용', '테크놀로지', '업무', '단계', '음악', '음향학', '악기', '구조', '뮤직프로덕션', '연관', '분야', '믹싱콘솔', '레코더', '마이크로폰', '스피커', '구성', '시스템', '기능', '역할', '이해', '컴퓨터', '기반', 'MIDI미디', '이용', '녹음', '편집', '믹싱', '테크닉', '음악', '제작', '미디어프로덕션', '요구', '프로덕션', '테크닉', '강의식', '수업', '시연', '학생', '실습', '과제', '구성', '뮤직프로덕션', '업무', '개념', '단계', '이해', '음악음향학', '악기', '구조', '이해', '뮤직프로덕션', '활용', '믹싱콘솔', '마이크', '시그널프로세서', '기능', '시스템', '기능', '특성', '이해', '음향', '신호', '연결', '전송', '조정', '기능', '이해']"
193,"['과정', '유닉스', '운영', '체제', '서비스', '초점', '시스템', '프로그래밍', '기술', '방법', '탐구', '주제', '시스템', '호출', '파일I/O', '파일', '디렉', '토리', '프로세스', '프로세스', '통신', '소켓', '기반', '네트워크', '프로그래밍', '프로시저', '호출', '프로그래밍', '학생', '수강신청', '문의', '교직원', '제공', '특성', '졸업', '장학금', '문제', '학생', '과정', '추가', '수강', '학생', '제한', '과정', '대부분', '명령', '작동', '파악', '파일I/O', '프로세스', '통신', '클라이언트', '서버', '개발', '실무', '능력', '개발', '학생', '운영', '체제', '컴퓨터', '아키텍처', '고급', '과정', '기초', '지식', '습득', '예상']"
194,"['컴퓨터', '운영', '체제', '원리', '개념', '이해', '컴퓨터', '운영', '체제', '제공', '서비스', '이해', '운영체제', '설계', '구현']"
195,"['컴퓨터', '운영', '체제', '원리', '개념', '이해', '컴퓨터', '운영', '체제', '제공', '서비스', '이해', '운영체제', '설계', '구현']"
196,"['디지털논리회로', '설계', '해석', '필요', '이론', '주요', '교과', '내용', '부울대수', '논리함수', '표현', '간략화기법', '상용논리소자', '인코더', '디코더', '멀티플렉서', '플립플롭', '종류', '동작', '특성', '최종', '조합', '논리', '회로', '순차', '논리', '회로', '설계', '해석', '방법', '학점', '시간', '이론', '시간', '실험', '운영']"
197,"['공통기초필수', '신입', '대학', '생활', '적응', '이해', '바탕', '진로', '비전', '설계', '신입생', '교수', '학습자', '소그룹', '내외', '소통', '이해', '분야', '현장', '요구', '역량', '진로', '비전', '설계', '대학', '생활', '적응', '이해', '기초', '중심', '교수', '방법', '문제', '해결', '바탕', '협동', '필요', '역량', '문제해결능력', '함양', '사회', '스킬', '신입', '자기이해', '교수자-학습자', '학습자-학습자', '학습자-학습환경', '소통', '이해', '대학', '생활', '적응', '능동', '진로', '비전', '설계', '수강', '수강', '역량', '함양', '기대', 'PBL(문제해결학습)', '교수-학습방법', '이해', '구성', '진행', '방식', '역할', '구체', '설명', '소그룹', '학습공동체', '의미', '이해', '공동체', '활동', '적극', '현장', '특성', '구조', '문제', '해결', '자기', '주도', '계획']"
198,"['공통기초필수', '신입', '대학', '생활', '적응', '이해', '바탕', '진로', '비전', '설계', '신입생', '교수', '학습자', '소그룹', '내외', '소통', '이해', '분야', '현장', '요구', '역량', '진로', '비전', '설계', '대학', '생활', '적응', '이해', '기초', '중심', '교수', '방법', '문제', '해결', '바탕', '협동', '필요', '역량', '문제해결능력', '함양', '사회', '스킬', '신입', '자기이해', '교수자-학습자', '학습자-학습자', '학습자-학습환경', '소통', '이해', '대학', '생활', '적응', '능동', '진로', '비전', '설계', '수강', '수강', '역량', '함양', '기대', 'PBL(문제해결학습)', '교수-학습방법', '이해', '구성', '진행', '방식', '역할', '구체', '설명', '소그룹', '학습공동체', '의미', '이해', '공동체', '활동', '적극', '현장', '특성', '구조', '문제', '해결', '자기', '주도', '계획']"
199,"['공학인증종합설계', '컴퓨터', '캡스톤디자인', '연장', '지도', '교수', '정기', '미팅', '설계', '방법', '작품', '구현', '내용', '추가', '최근', '기술', '동향', '파악', '세미나', '참석', '요구', '참석', '여부', '최종', '목적', '단위', '소프트웨어개발', '프로젝트', '상품화수준', '소프트웨어개발', '소프트웨어', '품질보장방법', '소프트웨어', '품질', '보장', '소프트웨어개발', '산출물', '요구사항분석', '설계문서', '구현', '노트', '검증방법', '소프트웨어', '소스', '코드', '디버깅', '테스트', '검증방법', '소프트웨어개발', '산출물', '효율', '유지보수방법', '습득', '컴퓨터공학', '학생', '산업체', '요구', '능력', '배양', '학부', '이론', '바탕', '공동', '작품', '설계', '해결', '기법', '함양']"
200,"['물리학', '자연', '현상', '과학', '탐구', '이해', '학문', '관찰', '실험', '필수', '획득', '실험', '결과', '이론', '체계', '비교', '설명', '가지', '성공', '결과', '해석', '물리학', '지식', '체계', '과정', '기초', '실험', '결과', '일반', '물리학', '시간', '내용', '비교', '주제', '이해', '학생', '실험', '문제', '해결', '방법', '도움', '이론', '일반', '물리학', '개념', '실험', '이해', '일반', '물리학', '주제', '일상', '생활', '역학', '실험', '구성', '길이', '정밀', '측정', '시작', '자유낙하', '운동', '뉴턴', '법칙', '에너지', '운동량', '보존', '법칙', '시간', '내용', '실험', '확인', '기회', '일반', '물리학', '이론', '내용', '실험', '확인', '이해', '학생', '실험', '실험', '문제', '해결', '방법', '해당', '학과', '개설', '일반', '물리학', '실험', '수강', '원칙', '해당', '실험실', '사정', '일부', '실험', '종목', '사항', '공학', '계산기', '일반', '물리', '실험교', '지참', '실험', '부상', '노출', '복장', '실험', '반시', '태도', '점수', '실험실', '음식물', '반입', '반시', '태도', '점수', '제물', '기말', '과제', '제외', '대면', '실험', '리포트', '기말', '과제', '태도', '삭감', '점수', '점수', '기말', '과제', '결석', '상황', '위원회', '결정', '동영상', '대체']"
