text,
운영체제의 기본원리와 개념을 이해하기 위한 교과목이다.  운영체제가 제공하는 다양한 서비스를 이해하고 운영체제의 설계 및 구현 이슈에 대해 살펴본다,
"사이버피지컬시스템 연구실에서 수행하는 연구의 철학과 방향에 대하여 이해  1) 컴퓨터시스템의 성능을 개선하고 컴퓨팅의 신뢰성을 제고하기 위한 프로제스스케줄링 기술, 입출력 최적화, 파일시스템 스토리지, 결함허용기법들을 High-Level에서 이해 2) 소정의 인턴비 지급",
"데이터베이스응용 교과목은 빅데이터 및 데이터사이언스에 대한 기본적인 이론과 다양한 실제를 다룬다. 빅데이터의 다양한 속성과 특징, 그리고 효과적으로 분석하는 방법 등을 살펴본다. 이 과목을 통해서 학생들은 빅데이터들이 어떻게 생성되고 어떤 특징을 갖고 있는지뿐만 아니라 분석시 어떤 점에 유의해야 하는지를 배울 것이다. 또한, 빅데이터를 분석하는데 반드시 필요한 확률과 통계와 같은 수학 이론을 살펴본다. 더 나아가 학생들로 하여금 빅데이터를 직접 수집, 처리, 분석, 및 시각화할 수 있는 능력을 배양하기 위하여 충분한 양의 SQL과 파이썬 프로그래밍 스킬을 배운다.  1. 데이터사이언스에 필요한 데이터 수집 및 전처리, 다양한 분석 및 시각화 방법 습득  2. 데이터사이언스에 필요한 충분한 양의 코딩 기술 습득",
전공과 관련된 진로탐색 세미나 진행  - 취업 ( 관련 산업체 인사 특강)  - 창업 (산학중점교수 강의)  - 진학 (전공교수님 연구분야 소개)  컴퓨터 SW 분야의 다양한 진로에 대한 탐색 및 상담 시간을 통하여 학생들 진로선택에 도움을 주기 위함,
"사이버피지컬시스템 연구실에서 수행하는 연구의 철학과 방향에 대하여 이해  1) 컴퓨터시스템의 성능을 개선하고 컴퓨팅의 신뢰성을 제고하기 위한 프로제스스케줄링 기술, 입출력 최적화, 파일시스템 스토리지, 결함허용기법들을 High-Level에서 이해 2) 소정의 인턴비 지급",
"본 교과목은공학인증종합설계 과목으로,컴퓨터캡스톤디자인1의연장교과목입니다.  지도교수와의 정기적인미팅으로설계방법을 익히면서작품을구현하는것을주내용으로 합니다.  추가로최근관련기술동향을파악하기 위하여세미나참석이요구될 수있으며,참석여부는 최종성적에 반영됩니다.  본 과목의 목적은 팀 단위 소프트웨어개발 프로젝트를 직접 수행해 봄으로써, 상품화수준의 소프트웨어개발을 위한 다양한 소프트웨어 품질보장방법을 배우는 것이다. 소프트웨어 품질을 보장하기 위하여 소프트웨어개발의 산출물인 요구사항분석 및 설계문서, 구현 노트에 대한 검증방법과 소프트웨어 소스 코드의 디버깅/테스트/검증방법을 배운다. 또한, 소프트웨어개발 산출물에 대한 효율적인 유지보수방법을 습득하도록 한다.본 과목을 통하여 컴퓨터공학을 전공하는 학생들은 산업체에서 요구하는 능력을 배양하기 위해 학부에서 배운 이론을 바탕으로 공동으로 작품을 설계하고 해결하는 기법을 함양한다.",
본 강의에서는 인터넷 내부의 동작을 이해하는데 초점을 둔다. 인터넷의 기본이 되는 다양한 컴퓨터네트워크프로토콜을 응용계층으로부터 시작하여 링크계층까지 Top-down방식으로 소개한다. 이를 바탕으로 인터넷의 프로토콜을 실제 구현하기 위한 socket프로그램을 작성한다.  다양한 컴퓨터네트워크프로토콜을 응용계층으로부터 시작하여 네트워크계층으로 Top-down방식으로 배우고 이를 바탕으로 차세대인터넷프로토콜 및 멀티미디어통신프로토콜을 배운다. 또한 socket프로그램을 작성함으로써 강의에서 익힌 프로토콜이 실제 어떻게 동작하는가를 살펴본다.,
"본 과목에서는  SW기반의 창업과 기업가정신을 다룬다.   창업에 필요한 기본적인 개념을 숙지하고, 아이디어의 수집에서 비즈니스모델링 및 예상 구현모델까지의 과정을 이해한다.   또한, 제품 및 서비스의 구현을 통해 실제 창업에 이르는 경험을 체득하도록 한다.   세부적인 내용으로는 창업프로세스, 창업팀 구성, 아이디어 개발, 시장 및 기술조사, 비즈니스모델 설계, 사업계획서 작성, 제품/서비스 개발 등이다.  1. 수업목표: SW/ICT 기반의 창업준비와 창업역량 함양    2. 수업안내  -SW창업캡스톤디자인2와 ICT창업캡스톤디자인2는 강의계획이 동일하며, 통합하여 팀구성 예정임  -창업관련 이론강의와 팀별 프로젝트 실습 중심으로 진행  (*창업동아리, 타과학생 참여 권장)  -이론수업은 비대면 녹화 동영상 강의로 진행함  -팀별 프로젝트 실습은 팀별로 지정하는 멘토와 함께 자율로 진행  -평가방법: 출석 40%(강의수강 및 멘토링), 팀프로젝트 50%(중간발표, 기말발표 동영상 평가), 학습참여도 10% (창업아이디어톤 참여 등)",
"본 교과목은 소프트웨어학부의 전공심화과목이며 IC-PBL(문제해결학습) 교과목입니다.     이 교과목에서는 산업현장의 개발 프로젝트를 주제로 지정하여 소프트웨어개발프로세스 단계별로 문제를 도출, 파악, 조사, 분석, 해결의 절차를 거치게 되며 이를 통하여 소프트웨어공학의 이론적지식습득은 물론이고 팀별 토론 및 발표를 진행함으로써 여러 학생들이 습득한 다양한 지식들을 공유 및 검토하게 된다. 또한, 본 교과목은 수업 시 토론 및 강의를 통하여 습둑한 지식을 실질적으로 적용할 수 있는 실습을 포함하고 있다. 추가적으로 소프트웨어개발 프로젝트를 팀 단위로 진행함으로써 각 개발 단계에서 요구하는 요구사항명세서, 설계문서, 테스트 디자인 등의 산출물 역시 개발하게 되고 마지막에는 프로젝트 총괄 발표를 진행하게 된다.  본 교과목은 산업현장의 문제와 환경을 모두 고려한 실질적 프로젝트를 기반으로 소프트웨어 시스템개발에 대한 학술적 이론을 이해함은 물론 현실적 수행 능력을 효과적으로 배양하는 것을 목표로 한다.      1. 신뢰성 높은 소프트웨어를 효율적 그리고 효과적으로 개발하기 위한 여러 기법을 학습한다.   2. 소프트웨어를 개발하기 위한 조직, 관리, 분석, 설계, 구현, 문서화, 테스트 등 여러 측면의 다양한 기법을 습득한다.  3. 앞서 습득한 소프트웨어개발 관련 기법을 적용한 사례와 이러한 기법을 기반으로 하는 개발 도구에 대하여 살펴본다.    본 교과목은 2021-1학기 COVID19 사회적 거리두기 1~2단계 기준에 따라 원격+대면 병행 교과목으로 아래와 같이 운영됩니다.   - 이론수업 - 녹화 동영상 강의 : 매주 금요일 09:00 ~ 11:00 혹은 12:00 (이론 동영상 강의는 한주 전에 미리 업로드 해두어 PBL(문제해결학습)활동 및 실습에 차질이 없도록 진행하겠습니다.)  - PBL(문제해결학습) 활동 및 실습수업 : 매주 금요일 11:00 혹은 13:00 ~ 15:00 (점심시간 12:00 ~ 13:00 제외)    * 참고로 코로나19의 사회적 거리두기 단계가 3단계로 격상할 경우 전면 원격수업으로 전환됩니다.   ** 또한, 코로나19의 사회적 거리두기 단계가 2.5단계로 지속적 유지될경우 전면 원격수업으로 전환될 수 있으며 마찬가지로 코로나19가 종식될 경우 전면 대면 수업으로 전환될 수 있는 등 코로나19 에 따른 사회적 거리두기 단계에 따라 수업 운영 방식의 변경 가능성이 있습니다.",
"""시스템프로그래머 수준의 프로그래밍 기술을 습득하기 위해서는 리눅스운영체제의 기능과 설계 개념에 대한 이해가 필요하다.  시스템 프로그래밍이라 함은 리눅스커널이 제공하는 시스템함수를 사용한 저수준 프로그램 제작을 의미한다.  본 교과목을 통하여 리눅스운영체제의 개념과 시스템함수의 세부 동작에 대해 상세히 학습할 수 있다.  본 교과목을 잘 학습하기 위해서는 '시스템 프로그래밍 기초' 혹은 이에 준하는 C언어 프로그래밍 능력이 필요하다.  수업안내]  리눅스운영체제의 기능과 설계 개념에서 시작하여, 리눅스커널에서 제공하는 시스템함수의 세부적인 동작과 이를 다루는 방법에 대해 학습한다.  특히, 파일을 다루는 시스템함수, 프로세스를 다루는 시스템함수, 시그널, 프로세스간 통신, 스레드 등에 대해 순차적으로 학습한다.    코로나19에 따른 강의 진행 방식 변경]  본 교과목은 매주 이론 강의를 녹화강의 형태의 원격수업으로 진행한다.  평가는 퀴즈, 중간고사, 기말고사를 통해 이루어진다.  - 퀴즈는 원격 시험 형태로서, 단원이 끝날 때마다 LMS를 통해 진행한다.  - 중간고사와 기말고사는 대면시험 형태로서, 교내에서 진행한다.    수업목표]  이 과목을 수강한 후, 학생들은  - 커널에서 제공하는 시스템함수를 이용하여 파일과 프로세스를 다룰 수 있다.  - 프로세스의 성생, 실행, 종료 등의 변화과정을 시스템함수, 시그널 등과 연관지어 설명할 수 있다.  - 시그널, 파이프, 메시지큐, 세마포, 공유메모리 등을 이용하여 프로세스 간 통신을 처리할 수 있다.""]",
"임베디드시스템을 구성하는 임베디드플랫폼을 기반으로 임베디드시스템에 적용되는 임베디드운영체제에 대해 살펴보는 과정입니다.  운영체제 없이 사용되는 펌웨어(Firmware), 자동차와 비행기 등에 적용되는 실시간운영체제(RTOS), 스마트폰부터 우리 주변 다양한 분야에 적용되는 임베디드 리눅스까지 살펴보고 디바이스를 제어하는 디바이스드라이버와의 연동까지 살펴보는 과정으로 진행될 계획입니다.  임베디드시스템을 설계 구현하기 위해 반드시 알아야 할 임베디드플랫폼의 각 구성요소들에 분석하고, 이를 토대로 임베디드시스템을 제어하기 위한 소프트웨어인 펌웨어, 실시간운영체제, 임베디드 범용 운영체제 등의 차이점에 대해 실제 코드 예제를 통해 이해한다. 운영체제가 동작되는 원리를 이론을 위한 이론이 아닌 실제 하드웨어인 CPU와의 연동구조 등을 분석하여 파악하고, 운영체제 기반 하에서 디바이스를 제어하기 위한 디바이스드라이버까지 살펴보도록 한다.",
"이 과정에서는 컴퓨터 시스템의 다양한 보안 취약점에 대해 설명합니다. 학생들은 다양한 공격 기법의 세부 사항을 연구하고 그들을 방어하는 방법을 배웁니다. 항목에는 Set-UID 프로그램, Environment Variables and Attack, Shellshock 공격, 버퍼 오버플로 공격, ROP, 포맷 문자열 취약성, 레이스 상태 취약성, Dirty COW, Reverse Shell, 멜트다운 공격, 스펙터클 공격이 포함된다. 각 공격에 대해 학생들은 작동 방식을 학습하는 것이 아니라 가상 머신 환경의 랩을 통해 직접 공격을 시도합니다. *공격 주제는 변경될 수 있습니다* *학생의 성적과 COVID-19 상황에 따라 총 8-10개의 실습* *온라인 녹음 강의 + 온라인 라이브 실습 세션*  *온라인-녹화강의+온라인-실시간 실습*  -",
모바일기기의 빠른 보급과 함께 모바일컴퓨팅은 다양한 IT애플리케이션의 필수요소로 자리잡고 있다. 따라서 모바일 플랫폼과 시스템개발에 필요한 다양한 기술들에 대한 지식과 깊이 있는 이해가 반드시 필요하다.    이 과목을 통하여 학생들은 인터넷프로토콜 및 모바일시스템에 관하여 학습한다.  ,
  ,
"본 과목은 멀티미디어정보처리, 특히 영상정보처리에 대한 기본 개념을 이해하고 그와 관련된 하드웨어 및 소프트웨어 기술을 습득하며, 관련된 다양한 이론과 알고리즘을 체계적으로 이해하고 구현할 수 있는 능력을 배양하는 것을 목표로 한다.     멀티미디어의 기본 개념, 영상 처리, 비디오 처리, 영상인식, 시각지능, 머신러닝, 등에 대하여 강의한다. 특히 최근 이슈가 되고 있는 딥러닝 기반의 영상인식에 대해서 중점적으로 강의한다.    강의와 실습은 모두 실시간 화상으로 진행하는 것을 원칙으로 한다. 다만, 상황에 따라 대면 수업으로 진행할 수도 있다.  11주 -14주의 강의는 Teaching Fellow가 진행한다.",
"컴퓨터공학 전공자가 프로그램 작성에 필요한 컴퓨터 언어와 소프트웨어 도구를 최적으로 사용하기 위해서는 컴퓨터구조를 잘 이해하여야 한다. 컴퓨터구조라 함은 명령어 세트, 레지스터와 기능블록으로 구성된 내부구조, 및 메모리와 버스로 구성된 시스템구조를 포괄적으로 포함한다. 본 과목을 통하여 컴퓨터를 구성하는 CPU, 메모리, 입출력장치, 제어부 등에 대하여 상세히 살펴본다. 처리속도, 메모리크기, 버스구조, 코아의 개수, 전력소모 등 컴퓨터구조의 성능을 평가하는 다양한 척도에 대하여 살펴본다.    - 명령어 세트 레지스터 기능블럭 등 내부구조 이해  - 메모리구조 이해 (Cache, main memory, 보조 기억장치)  - 컴퓨터 Input output 장치 이해  - 컴퓨터 제어부, 버스, 파이프라인 구조 이해  - 컴퓨터성능 분석  ",
"이 과목은 다양한 프로그래밍언어들이 품고있는 공통된 원리들에 대해 배운다. 현재의 프로그래밍언어들은 얼마만큼 미개한가? 좀더 나아지기 위해서 필요한 것들은 무엇인가? 새로운 프로그래밍환경을 효과적으로 운용할 수 있는 언어는 무엇인가? 이 강의에서는 이와같은 질문들에 대한 답을 익히거나, 좋은 답을 만들어내기 위해서 필요한 소양을 닦게 됩니다.  간단한 언어의 실행기 (interpreter)를 직접 설계 및 구현할 수 있다. 이를 위해 다음 개념들에 대해 깊은 이해를 갖춘다.   - 기초: 귀납적정의, 함수형언어   - 기본: 언어의 생김새 및 의미, 환경, 실행기, 상태, 함수 호출  - 심화: 타입 추론, 안전성/완전성, 다형성, 모듈, 쓰레기 수집기     본 강좌에서는 함수형언어 중 하나인 OCaml (https://ocaml.org) 을 사용한다. ",
"본 수업은 컴퓨터 소프트웨어가 산업디자인의 설계와 생산에 어떻게 활용되는가를 파악하고, 그 이로적 기초지식으로 3D 설꼐 프로그램 NX 형상모델링에 대하여 학습한다.  산업디자인 및 엔지니어링 3D설계 프로그램 NX를 활용한 이론학습 및 실습 진행을 통해 실제 기업의 디자인 시스템내에서 활용할 수 있는 능력을 배양한다.",
"현실을 공감각적으로 소환한 가상현실의 가상공간을 디자인한다는 것은 크게 사용자인터페이스UI설계, 기기간 연계, 운영체제 구축 등 3가지로 구분된다. 본 강의는 이러한 3가지 가상공간 인터페이스디자인의 요소에 관한 개념과 특성에 대해 학습하고 가상의 공간에 보여지는 AR/VR/MR의 영상을 컴퓨터그래픽과 360도 VR영상장비를 통해 직접 제작하고 이를 기기간 연결하여 증강된 정보를 입혀 직접 체험할 수 있는 콘텐츠를 제작해 보는 데 교육의 의의가 있다. 또한 제작한 입체영상물의 체험을 위한 수동HMD를 제작하여 직접 사용해 봄으로써 실제 인터페이스 디자인에 관한 피드백을 공유하여 사용자인터페이스UI설계 시 고려사항에 대해 연구하고자 한다.    증강현실 및 혼합현실의 개념을 앎  유니티를 통해 증강현실 및 혼합현실 콘텐츠를 개발하고 연관된 UI설계  실용성을 겸비한 콘텐츠기획 및 개발",
"미래를 예측하는 최선의 방법은 스스로 만드는 것이다.  ""The best way to predict the future is making one for you.""  - Alan Kay -  영역을 넘나드는 기술 간 융합은 21세기의 성장동력이자 다종다양한 분야의 상상력, 창조성의 원동력으로서 지식과 기술, 산업의 지도를 바꾸어 가고 있다. 기술의 발전을 통사적으로 보면 크게 3단계로 나눌 수 있다. 20세기 중반까지의 제1단계는 인간에게 유용한 물질과 기계의 연구 개발을 강조하던 기술·기계 중심 시대였다. 20세기 중반 이후에 시작된 제2단계는 이에 더해 정보와 생명의 부가가치를 강조하는 기술＋정보＋생명 중심 과학기술 단계였다. 그런데 지금 21세기에 이르러 과학기술은 기술＋생명＋정보＋감성의 인간 중심 융합 기술 체제로 변하고 있다.  비슷한 논리로, 융합 과정도 3단계로 나누어 볼 수 있다. 기술융합을 융합1.0으로, 기술과 문화 또는 디지털과 아날로그가 융합되는 방향을 융합2.0이라고 볼 수 있다.    첨단 기술을 적용한 HDTV나 작은 휴대폰은 융합1.0의 산물일 것이다. 그런 HDTV에 더 나아가 아날로그적 인터페이스 설계를 가미한 애플의 제품들이나 인간의 실제 동작을 가미한 닌텐도의 위, 혹은 인간의 외로움을 사이버 공간에서 해소하는 페이스북과 같은 SNS는 융합2.0의 결과물이다. 그리고 융합3.0은 어떤 궁극적 의미의 융합으로서 인간과 기술의 경계가 완전히 없어지는 상태를 의미한다. 이 융합3.0을 통해 인간과 기술이 자연스럽게 상호작용하며 새로운 휴먼 가치를 제안할 수 있다.        _다학제적 관점의 이해 : 이질적 학문 영역에 대한 상호 이해 및 협력 능력  _ 통합적 사고와 분석 능력 : 다학제적인 사고와 현상 분석을 통한 통합적 작업 수행 능력  _ 미래 예측 능력 : 이론과 기술의 복합적 이해를 통한 미래 방향성 예측 능력  _ 고차적 성찰 능력 : 융합적 관점을 중심으로 개인과 사회, 환경과 문화에 대한 고차적 성찰 능력",
"디자인마케팅과 컨설팅의 본 수업에서는 디자인마케팅의 본질을 이해하고, 디자인마케팅이 실무에 적용되는 단계의 디자인마케팅에 대한 규명과 각 영역에 대한 다양하고 체계적인 학문적 내용을 학습하고자 한다. 현대의 기업들은 과거 이성중심의 소비자를 대상으로 하는 4P중심의 마케팅전략에서 이제 감성중심의 소비자를 대상으로 하는 기업 및 브랜드의 인지중심의 감성적 마케팅전략으로 전환하고 있다. 이에 따라, 이성중심의 마케팅전략과 감성중심의 디자인 전략이 결합되어 하나의 통합된 프로세스로 소비자에게 접근하는 감성마케팅의 중요성이 증대되고 있다. 디자인 컨설팅은 디자인에서 다루어져야 할 제품의 조형적 요소, 인터페이스, 이미지, 문화, 라이프스타일, 트렌드의 업무를 수행함과 동시에 마케팅과 경영, 기술적인 측면까지 모두 포괄하는 내용이다.    - 디자인마케팅과 컨설팅은 고객의 라이프 스타일이 다양화/세분화되는 시장 상황에서 고객의 니즈, 욕구, 라이프스타일을 정확히 이해하고 최적화된 마케팅 기법을 활용할 수 있는 방법을 습득하는 것을 목적으로 한다.  - 디자인마케팅과 컨설팅을 살펴보고 브랜드 중심 비즈니스의 의미를 이해한다.  - 디자인마케팅과 컨설팅은 온라인 마케팅, 빅데이터 마케팅, 뉴로 마케팅 등 최근 주목받는 신기술 마케팅 기법과 컨설팅을 이해한다.",
"실감형콘텐츠는 몰입감, 상호작용, 지능화의 특징을 통해 높은 현실감과 경험을 제공하는 콘텐츠로서 가상현실, 증강현실, 혼합현실, 그리고 홀로그램 등을 포함한다. 5G시대의 핵심서비스로 등장한 실감형콘텐츠는 4차산업혁명의 시발점이 될 전망이다. 실감콘텐츠는 혁신성장 실현을 위한 10대 핵심산업에 선정이 되었을 만큼 킬러콘텐츠로 부각중이기도 하다. 이에, 스마트실감형어플리케이션에 대한 동향을 이해하고, 기본적인 기술을 습득하는것이 필수가 되었고, 디자이너의 측면에서 어플리케이션 개발을 위하여 필요한 기술을 학습하여 프로젝트 업무 수행 프로세스를 이해하고 융합적인 역량을 향상시킬수 있다.  스마트실감형어플리케이션 개발을 위한 기본 기술을 습득하고 이를 개인프로젝트를 통하여 응용 발전시키는것이 목표이다.",
"이 수업은 전자회로에 대한 기본적인 이론을 이해하고 가변성을 띄는 디자인재료로서의 센서 및 액츄에이터 컨트롤 방식 습득한다.  이를 기반하여 IoT환경에서 사용자-사물 간 인터렉션의 구조를 설계하고, 제품 및 환경에 적용함을 목적으로 한다.  온라인 녹화강의, 실시간 화상강의 병행 예정",
"- HCI(인간-컴퓨터상호작용) (Human-Computer Interaction) 는 융합학문의 꽃으로 인간이 사용하는 인터렉티브한 컴퓨터시스템을 디자인-평가-구현하는 과정과 이를 둘러싼 주요 현상들에 대해서 연구하는 학문입니다.  - HCI(인간-컴퓨터상호작용)에서 다루는 것은 유저인터페이스를 설계하는 데 필요한 지식 및 인지적 사회적 감성적인 인간학, 그리고 작업, 도구, 문화, 조직, 사회, 타인에 대한 이해 등 다양합니다.  - HCI(인간-컴퓨터상호작용) 와 연관된 학문들은 컴퓨터공학, 인지심리학, 조짇심리학, 인간공학, 인공지능, 언어학, 철학, 사회학, 인류학, 디자인, 그리고 기계공학 등 다양합니다.   - 본 교과목은 HCI(인간-컴퓨터상호작용)와 관련된 기초/응용지식을 습득하고, HCI(인간-컴퓨터상호작용)의 다양한 응용사례를 살펴보고, 또한 텀 프로젝트를 통해 HCI(인간-컴퓨터상호작용)/UCD에 기반을 둔 제품 개발과정을 직접 경험해 볼 기회를 제공합니다.  - HCI(인간-컴퓨터상호작용)와 관련된 기초/응용 지식을 습득한다.  - HCI(인간-컴퓨터상호작용)의 다양한 응용사례를 살펴본다.  - 팀별 텀 프로젝트를 수행해 HCI(인간-컴퓨터상호작용)/UCD에 바탕을 둔 제품개발과정을 이해한다.",
"이 수업은 Unity게임엔진환경하에서 C#프로그래밍언어를 가르칩니다. Unity를 사용하여 2D게임을 개발함으로써 학생들은 변수, 메서드, 컬렉션, 논리, 루프 및 패턴을 포함한 C#언어의 기본 사항과 객체지향프로그래밍의 핵심 개념을 학습합니다.    -C#언어 문법 배우기    -Unity 사용법 배우기    -C#으로 기본 게임 만들기",
"디지털헬스케어는 코로나로 인한 비대면 서비스의 필요성이 대두되면서 더욱 이슈가 되고 있는 분야입니다. 디지털헬스케어와 관련하여 기초지식을 배양하고 최신 트렌드에 대해서도 배우게 됩니다. 팀프로젝트를 통하여 실용적인 디지털헬스케어 관련 아이디어를 내며 융합적인 사고를 배양할 수 있도록 할 것입니다.  본 수업에서는 디지털헬스케어의 기본 개념부터 최신 트렌드까지 배우게 됩니다. 또한, 최신 트렌드를 기반으로 새로운 아이디어를 도출하고 융합적인 사고를 기르는 것을 목적으로 합니다.",
"실시간(Real Time)으로 진행되는 다양한 공연예술과 전시, 이벤트 등과 같이 관객과 컨텐츠가 직접 조우하는 독특한  형식을 지닌 공연예술 분야에서 관객과 함께 중요한 제작요소인 무대공간의 구조적, 예술적 의미를 학습한다. 가장 원  초적인 예술형태로 이해되는 공연 예술의 특징과 구성, 이를 위해 필요한 다양한 인문학적, 기술적 제반요소들에 대해  학습하고, 이를 통해 차세대 다중예술 분야에서 핵심적 위치를 차지할 것으로 예측되는 공연산업의 필수적 기술요소  를 계획하고 디자인 할 수 있는 역량을 키운다.  공연예술의 정의와 배경을 이해 하고 공연예술을 구성하는 예술요소, 공간요소, 기술요소 사회적환경요소 등에 대한  이해를 높인다.  문화예술 창조자와 향수자 간의 가장 강한 예술적 유대와 교감을 만드는 공연예술의 에너지와 가치를 이해하고 이를  차세대 미디어 공연 아이디어와 디자인 역량으로 연결할 수 있는 기회로 삼는다.",
"이 수업은 전자회로에 대한 기본적인 이론을 이해하고 가변성을 띄는 디자인재료로서의 센서 및 액츄에이터 컨트롤 방식 습득한다.  이를 기반하여 IoT환경에서 사용자-사물 간 인터렉션의 구조를 설계하고, 제품 및 환경에 적용함을 목적으로 한다.  온라인 녹화강의, 실시간 화상강의 병행 예정",
"웹애플리케이션 만들며 전반적인 웹 제작과정, 필요한 지식 등을 배워본다.  - 반응형웹애플리케이션에 대해 이해해본다.  - 싱글 페이지 웹애플리케이션을 제작해본다.  - 부트스트랩의 여러 기능을 이용해본다.  - 기존에 있던 사이트들을 부트스트랩을 활용하여 재코딩해 본다.",
"* 대학원 HCI(인간-컴퓨터상호작용)학과에 관심이 있는 학생들을 대상으로, Interaction&Experience랩에서 수행하는 연구를 실습하는 수업입니다.  * 연구실 실습 수업이기 때문에. 교강사와 사전에 연구 수행 주제 등을 충분히 상담한 뒤 교강사의 허락을 맡고 수강 신청하기 바랍니다.  -문헌 검토 - 인적 요인 실험 - 데이터 분석 및 보고서 생성(주간 보고서 및 최종 보고서)",
"- HCI(인간-컴퓨터상호작용) (Human-Computer Interaction) 는 융합학문의 꽃으로 인간이 사용하는 인터렉티브한 컴퓨터시스템을 디자인-평가-구현하는 과정과 이를 둘러싼 주요 현상들에 대해서 연구하는 학문입니다.  - HCI(인간-컴퓨터상호작용)에서 다루는 것은 유저인터페이스를 설계하는 데 필요한 지식 및 인지적 사회적 감성적인 인간학, 그리고 작업, 도구, 문화, 조직, 사회, 타인에 대한 이해 등 다양합니다.  - HCI(인간-컴퓨터상호작용) 와 연관된 학문들은 컴퓨터공학, 인지심리학, 조짇심리학, 인간공학, 인공지능, 언어학, 철학, 사회학, 인류학, 디자인, 그리고 기계공학 등 다양합니다.   - 본 교과목은 HCI(인간-컴퓨터상호작용)와 관련된 기초/응용지식을 습득하고, HCI(인간-컴퓨터상호작용)의 다양한 응용사례를 살펴보고, 또한 텀 프로젝트를 통해 HCI(인간-컴퓨터상호작용)/UCD에 기반을 둔 제품 개발과정을 직접 경험해 볼 기회를 제공합니다.  - HCI(인간-컴퓨터상호작용)와 관련된 기초/응용 지식을 습득한다.  - HCI(인간-컴퓨터상호작용)의 다양한 응용사례를 살펴본다.  - 팀별 텀 프로젝트를 수행해 HCI(인간-컴퓨터상호작용)/UCD에 바탕을 둔 제품개발과정을 이해한다.",
"디지털미디어콘텐츠기획 강좌는 미디어콘텐츠의 이해를 통해 영상콘텐츠의 기획과 창작을 실행하기 위한 과정이다. 이 과정은 미디어콘텐츠의 영역 속에서 웹툰의 역할을 학습하여, 스토리텔링의 기획과 이미지텔링 제작을 학습하는 프로그램이다.  미디어콘텐츠의 기획과 스토리텔링의 과정을 학습하여 콘텐츠기획의 이론과 실제에 참여한다.  모든 수업은 비대면 녹화강의로 진행되며 추후 대면 강의가 필요할 시 안내할 예정임.",
"본 교과목은 다양한 기계학습 방법을 다룬다. 기계학습은 기계가 어떤 과업을 잘 해낼 수 있도록 데이 터(혹은 경험)를 학습하는 것을 말한다. 방대한 양의 데이터에서 어떻게 의미 있는 정보와 지식을 자동으로 추출해 낼수 있을지가 기계학습의 핵심 질문이다. 본 교과목은 기계학습에 관련된 다양한 개념, 방법론, 알고리즘을 다룬다. 본교과목을 듣는 학생들은 확률론, 통계학, 선형대수학에 대한 핵심 지식을 습득할 것이며, 다양한 분류, 예측, 군집 등에 관한 다양한 기계학습 방법들의 원리를 이해할 것이다. 나아가 기계학습 문제를 푸는 프로그래밍 실습을 통해 구현 능력을 개발한다.  1. 녹화 영상 강의 (월요일) + 질의응답 중심의 실시간 강의(금요일)로 진행됩니다.    2. 학석사공통 과목이며 학부는 상대평가4(A: ~40%, B 제한없음), 대학원은 절대평가+상대평가를 적용하여 각각 성적을 부여 합니다.",
"최근 디지털콘텐츠의 발전과 데이터의 증가로 정보는 날로 증가하고 있으며 이러한 많은 복잡한 정보들을 차트, 지도, 다이어그램, 흐름도 등으로 표현하는 것은 정보전달에 중요한 역할을 한다. 본 수업은  이러한 다양한 데이터들을 인포그래픽을 통해 정보를 쉽고 편리하게 다룰 수 있도록 이론적인 학습과 실습으로 정보의 이해와 해석이라는 부분에 중점을 두어 본 수업을 진행한다.  데이터에 대한 이해는 정보의 이해를 바탕으로 하며 이러한 정보를 그래픽으로 표현은 정보습득의 시간을 단축시키며 기억의 지속력을 높게 만든다. 과거로 부터의 인포그래픽이 현재까지 어떻게 발전이 이뤄졌는지를 학습하고 비주얼, 콘텐츠, 지식가 전달하려는 그래픽의 형태로 표현하는 것을 목적으로 한다. 따라서 정보의 이해와 분류 그리고 표현이라는 부분에 중점을 두어 이론적 학습과 실습을 통해 미디어인포그래픽스를 진행한다.",
"콘텐츠에 기반한 디지털마케팅을 이해하고 디지털을 통해 이루어지는 디지털콘텐츠의 방향을 파악해본다.  인터넷과 SNS 등 현재 디지털마케팅에서 이루어지고 있는 콘텐츠를 이해하고   디지털콘텐츠가 만들어지는 과정과  콘텐츠로 디지털마케팅을 실행하는 비지니스를 이해하게 될 것이다.     이론은 녹화동영상으로 이루어지며, 실습은 대면수업을 원칙으로 하나,  코로나로 인하여 대면수업이 불가능할 경우 실습도 녹화강의로 진행될 수 있습니다.   ",
"1.우선 본 수업은 소셜미디어의 포괄적인 개념의 일환으로서, 소셜미디어의 성격 및 범위와 유형별 종류에 대해 이해력을 높인다  2.소셜미디어 저널로서의 역할과 대표적 소셜미디어의 사례를 통한 속성과 컨셉을 이해함과 동시에 마케팅 도구로서의 역할을 알아본다  3.일반적인 소셜미디어의 유형과 검색분석을 통해 소셜데이터의 중요성과 사고력을 높인다    1.일반적인 광고캠패인보다는 글로벌트렌드 중심의 포괄적인 수업이 진행된다  2.비대면/대면을 통한 병행수업으로 학생들의 안전을 기반으로  비대면시 블랙보드 및 줌을 통한 실시간 화상수업을 진행한다     .단,참여학생은 비디오, 오디오 등의 오픈(출결)을 기본으로 한다  3.실습시 학생개인(팀)의 역량과제 수행과 학생자율의견(평가) 및 기말고사를 통한 사고력을 높인다",
"* 대학원 HCI(인간-컴퓨터상호작용)학과에 관심이 있는 학생들을 대상으로, Interaction&Experience랩에서 수행하는 연구를 실습하는 수업입니다.  * 연구실 실습 수업이기 때문에. 교강사와 사전에 연구 수행 주제 등을 충분히 상담한 뒤 교강사의 허락을 맡고 수강 신청하기 바랍니다.  -문헌 검토 - 인적 요인 실험 - 데이터 분석 및 보고서 생성(주간 보고서 및 최종 보고서)",
"본 과목에서는 SW/ICT 공학도를 위한 기업가정신과 창업을 다룬다. 컴퓨터관련 비즈니스의 이해와 더불어 창업에서 필요한 경영적 지식을 함양한다. 창업에 필요한 기본적인 개념을 숙지하고, 아이디어의 수집에서 비즈니스모델링 및 예상 구현모델까지의 과정을 이해한다. 또한, 제품 및 서비스의 구현을 통해 실제 창업에 이르는 경험을 체득토로 한다. 세부적인 내용으로는 창업프로세스, 창업팀 구성, 아이디어 개발, 선행기술조사와 아이디어 구체화, 시장 및 경쟁사 분석, 비즈니스모델 설계, 사업계획서 작성, 제품개발 등이다.  수업목표] SW/ICT 기반의 창업준비와 창업역량 함양  수업안내]  - 창업관련 비대면 이론강의와 팀별 프로젝트 실습 중심 운영 (*창업동아리, 타과학생 참여 권장)  - ICT창업캡스톤디자인2와 SW창업캡스톤디자인2는 학제간 교류가 필요한 과목으로 통합 팀구성(3~5명) 예정임  - 팀별 프로젝트 실습은 팀별 멘토와 함께 대면/비대면 자율 진행",
"ICT융합학부 학생들이 팀을 이루어 산업체에서 제시한 과제를 수행함으로써 ICT기술을 적용하고 융합하는 다양한 기법을 실무적으로 배운다.  수업목표 : 미래유망산업에 필수적인 ICT융합 능력을 배양    본 과목의 목적은 팀 단위 ICT융합 프로젝트를 직접 수행함으로써, ICT 기반 융합을 위한 다양한 기법들을 배우고 ICT융합 프로젝트에서 필요한 발표력과 팀웍 등 의사소통 능력을 습득하여 ICT융합에 필요한 실무적인 기술을 배우며, 주기적으로 기업체 멘토와 진행현황을 논의하고 완성해 간다. 본 과목을 통하여 ICT융합학부 학생들은 산업체에서 요구하는 능력을 배양하기 위해 학부에서 배운 이론을 바탕으로 공동으로 작품을 설계하고 해결하는 기법을 배운다.",
"리빙랩은 현장 중심의 새로운 실험 및 실증방법으로 최근 학계와 산업현장에서 매우 각광받고 있다. 학생들은 본 수업을 통해 리빙랩의 정의와 개념을 이해하고, 주로 사용되는 방법론을 익히며, 실제 리빙랩 사례와 현장에 대한 경험을 통해 리빙랩의 이론과 실제를 모두 경험하고 수학하게 된다.  본 수업은 4차산업혁명으로 인한 패러다임의 전환기에서 리빙랩이 중요한 실천적 방법론으로 주목받고 있는 시점에 사용자 중심의 플랫폼에 대한 이해, 과학 기술의 새로운 패러다임에 대한 이해, 사용자 중심으로 문제발견 및 해결하는 사고 능력의 함양을 목표로 한다.    - 대면수업에 대한 학교 방침이 있기 전까지 코로나 상황으로 인해 온라인 녹화강의 중심으로 수업 진행",
"* 대학원 HCI(인간-컴퓨터상호작용)학과에 관심이 있는 학생들을 대상으로, Interaction&Experience랩에서 수행하는 연구를 실습하는 수업입니다.  * 연구실 실습 수업이기 때문에. 교강사와 사전에 연구 수행 주제 등을 충분히 상담한 뒤 교강사의 허락을 맡고 수강 신청하기 바랍니다.  - 문헌 검토 - 인적 요인 실험 - 데이터 분석 및 보고서 생성(주간 보고서 및 최종 보고서)",
사회진출을 준비하는 저학년 학생들에게 직업세계에 대한 이해와 취업과 스타트업 등 진로탐색을 통한 미래설계에 대한 기회를 제공하는 수업임.     온라인 강의를 기반으로 PBL(문제해결학습) 문제해결 등 자기분석과 진로탐색을 위한 실습과제를 수행함.  - 본 교과목은 2학년 학생들에게 사회진출을 위한 진로설계와 이에 따른 효율적인 목표관리와 대학생활을 지원하는 수업임.    - 진로탐색 및 진로설정과 관련한 PBL(문제해결학습)과제수행과 함께 중장기 미래설계에 대한 기회를 제공함.    - 미래 직업세계에 대한 탐구와 진로설계를 지원함.    - 대학기간 중 자기계발과 효과적인 경력관리를 지원함.,
"기호논리학의 기초가 되는 증명 작성 방법과 의미적으로 증명을 이해하는 방법을 공부한다. 불리언대수체계에서 논증과정의 증명시스템이 주된 내용이다. 이 수업의 내용은 앞으로 학부 수업을 통해 프로그램을 설계하고 검증할 수 있는 능력의 기초가 될 것이다. 다루는 내용은 명제논리, 1차술어논리이다.  * 논리문장을 작성하는 방법을 배운다  * 논리문장으로 작성된 주장이 타당한지를 정형적으로 검증하는 증명술을 익힌다",
"기호논리학의 기초가 되는 증명 작성 방법과 의미적으로 증명을 이해하는 방법을 공부한다. 불리언대수체계에서 논증과정의 증명시스템이 주된 내용이다. 이 수업의 내용은 앞으로 학부 수업을 통해 프로그램을 설계하고 검증할 수 있는 능력의 기초가 될 것이다. 다루는 내용은 명제논리, 1차술어논리이다.  * 논리문장을 작성하는 방법을 배운다  * 논리문장으로 작성된 주장이 타당한지를 정형적으로 검증하는 증명술을 익힌다",
"이 과목은 컴퓨터로 문제를 해결하는 핵심을 이루는 제어구조를 설계하고 작성하는 기본원리를 프로그램을 실제로 작성하면서 배우는 과목이다.  - 프로그래밍 사전지식이 필요없음  - 사용 언어 : 파이썬     이 과목의 목표는 컴퓨터 프로그램의 핵심을 이루는 제어구조의 설계 원리를 익히고 실습을 통하여 숙달하는 것이다. 수업은 문제풀이중심학습(Problem/Project Based Learning) 방식으로 진행한다. 매주 실습 문제가 주어지고, 그 문제를 풀기 위한 원리를 비디오 강의의 사전 시청과 실시간 온라인 질의응답 수업을 통하여 학습하고, 개인 컴퓨터로 문제풀이 실습을 진행한다. 그리고 매주 주어지는 프로그래밍 숙제를 통하여 스스로 해결할 수 있는 능력을 키운다. 학기말에는 배운 내용을 활용하여 보드게임 또는 카드게임 프로그램을 팀을 구성하여 제안하고 구현하여 발표하고 시연한다. 시험은 8주차, 16주차에 코딩 시험으로 실시하며 오프라인으로 시행함을 원칙으로 한다.",
"이 과목은 컴퓨터로 문제를 해결하는 핵심을 이루는 제어구조를 설계하고 작성하는 기본원리를 프로그램을 실제로 작성하면서 배우는 과목이다.  - 프로그래밍 사전지식이 필요없음  - 사용 언어 : 파이썬     이 과목의 목표는 컴퓨터 프로그램의 핵심을 이루는 제어구조의 설계 원리를 익히고 실습을 통하여 숙달하는 것이다. 수업은 문제풀이중심학습(Problem/Project Based Learning) 방식으로 진행한다. 매주 실습 문제가 주어지고, 그 문제를 풀기 위한 원리를 비디오 강의의 사전 시청과 실시간 온라인 질의응답 수업을 통하여 학습하고, 개인 컴퓨터로 문제풀이 실습을 진행한다. 그리고 매주 주어지는 프로그래밍 숙제를 통하여 스스로 해결할 수 있는 능력을 키운다. 학기말에는 배운 내용을 활용하여 보드게임 또는 카드게임 프로그램을 팀을 구성하여 제안하고 구현하여 발표하고 시연한다. 시험은 8주차, 16주차에 코딩 시험으로 실시하며 오프라인으로 시행함을 원칙으로 한다.",
"본 교과목에서는 소프트웨어 기술의 기본적인 개념들을 배우고, 간단한 프로그램 제작기법을 연습한다. 또한 4차산업혁명 관련 인공지능, IoT, 로봇공학, 제조혁신 관련기술 혁신 사례들에 대하여 학습한다.    - 소프트웨어 기술의 중요성과 필요성   - 동작원리 및 활용분야   - 소프트웨어 제작기술   - 소프트웨어 설계기술   - 간단한 프로그램 제작    전공 구분없이 모든 학생들이 각자의 다양한 전공을 통해 소프트웨어기반 사회의 미래를 주도할 수 있는 인재로 자라가기 위해 반드시 이해하여야 하는 소프트웨어의 개념과 동작원리를 습득하고 간단한 제작법을 경험하게 하여, 소프트웨어 기술을 자신의 전공에 활용 및 적용할 수 있는 기초 소양을 함양한다.   해당 주차의 온라인 강의를 반드시 시청해야 수행할 수 있는 과제물을 부여함  수업유형: 원격  수업방법: 녹화강의  평가항목: 수업진도율, 과제제출, 퀴즈",
"본 교과목에서는 4차산업혁명 시대에 주목받고 있는 인공지능의 기초 이론을 학습하게 된다. 인공지능의 이론적인 부분만 학습하는 것이 아니라 파이썬 프로그래밍언어를 사용하여 머신러닝, 딥러닝 라이브러리를 활용한 간단한 코딩 실습 교육을 진행하여 인공지능에 대한 이해를 높인다.  * 파이썬 프로그래밍언어 이해  * 인공지능 관련 실습을 통한 인공지능에 대한 이해",
"본 교과목에서는 4차산업혁명 시대에 주목받고 있는 인공지능의 기초 이론을 학습하게 된다. 인공지능의 이론적인 부분만 학습하는 것이 아니라 파이썬 프로그래밍언어를 사용하여 머신러닝, 딥러닝 라이브러리를 활용한 간단한 코딩 실습 교육을 진행하여 인공지능에 대한 이해를 높인다.  * 파이썬 프로그래밍언어 이해  * 인공지능 관련 실습을 통한 인공지능에 대한 이해",
"자연과학의 기초를 이루는 물리학은 이공계 학생들이 전공을 더 이해하고 문제를 풀어나가는데 있어서 매우 중요하므로, 기본적인 물리법칙들과 기본 개념을 파악하고 실제 자연현상과 전공 과목에 어떠한 형식으로 적용되는가를 이해하는 능력을 키운다.   물리학의 기본원리들과 개념을 파악하고 실제로 어떤 상황에서 어떻게 적용되는지 연습문제와 문제풀이로 배워본다.",
"본 과목에서는 과학과 공학을 전공할 이공계 학생들을 대상으로 물리학의 기본원리와 개념을 다룬다. 주요내용은 뉴턴역학, 파동, 열역학 등이다.  COVID-19 의 사태가 진정되지 않은 관계로 본 강의는 원격수업 을 기반으로 합니다.]    ** 본 강의는 꾸준히 성실하게 하는 학생들에게 적합한 강의입니다.  학생들이 스스로 직접 해야 하는 것을 매번 유도하기에 수동적으로 강의를 임할 학생들은 상당히 귀찮을 수 있습니다.  그 점 유의하고 수강신청을 하였으면 좋겠습니다. **]  물리는 어렵다는 인식에서 탈피하여 주위에서 일상 일어나는 자연현상이나 일상생활에서 자주 접할 수 있는 사물들에 대한 이해를 통한 관심을 가질 수 있도록 합니다. 어렵고 복잡한 물리에서 흥미로운 물리 라는 인식 전환이 될 수 있도록 수업을 진행할 예정입니다. 특히, 잊기 쉬운 단위의 중요성을 강조하고 물리학의 기본이 되는 벡터 등 기초지식의 습관화를 유도하도록 합니다.    강의는 수식전개보다는 개념적인 설명과 학생들이 관심을 가질 수 있도록 유도하며 교재내용은 학생들이 스스로 직접 책을 읽고 공부할 수 있도록 문제풀이용 과제를 내줄 계획입니다.     능동적으로 강의를 임하거나 평소 본인이 모르는 것을 확실히 하기 위해 질문(토의)게시판에 참여하는 학생들에겐 학습참여도 평가항목으로 점수가 부과됩니다.    온라인 강의로 대체된 기간에는 매시간 강의내용에 대한 간단한 문답(퀴즈)를 통해 강의이해 확인및 출결, 학습참여도 평가까지 모두 반영됩니다.       다음은 성적평가와 관련된 안내입니다.  (1) 출석은 10번 이상 결석인 경우(병결등 증빙사유 있는 경우도 포함) F 처리 됩니다. 지각은 3번째부터는 감점처리 합니다.    (2) 결석감점은 1회당 -2점이며, 지각감점은 3회부터 -1점 입니다.     (3) 수업은 항상 양방향임을 명심하시길 바랍니다. 수동적인 자세보다는 항상 적극적이고 열린마음으로 강의에 임하길 바라며, 학습참여도에 반영됩니다.    (4) 교재 본문중에 나와 있는 확인,보기문제들은 본문내용의 연장선상에 있습니다. 모두 스스로 풀어보길 바랍니다. 이해가 되지 않는다면 언제든 질문하고 나중으로 미루지 마십시오. 성실도와 직결되므로 학습참여도에 반영됩니다.    (5) 과제는 함께 의논해서 이해하며 공부하는 것도 장려되지만, 제출시에는 각자 본인의 능력으로만 작성하여 제출하는 것을 원칙으로 합니다. 남의 과제를 그대로 적어 내는 경우 원 작성자와 베낀 학생 모두 감점처리합니다.",
"""물리학은 다양한 자연현상을 과학적으로 탐구하고 이해하고자 하는 학문이다. 이를 위해 많은 관찰과 실험은 필수적이며 획득한 여러 실험결과는 반드시 이론적인 체계와 비교, 설명되어야 하고 이 두 가지가 성공적으로 이루어질때 비로서 그 결과와 해석은 물리학의 지식 체계로서 인정받게 된다. 본 수업은 이러한 과정을 간단하게 따라가 보는 것으로 기초적인 실험을 통해 얻은 결과들을 일반 물리학 수업 시간 때 배웠던 내용과 비교해 봄으로써 그 주제에 대한 이해를 높이고, 더 나아가 학생들이 실험적 문제해결 방법에 익숙해 지는데 도움을 주고자 한다.    The major aim of this class is to perform basic physics experiments, compare experimental results to the thoeries and understand the fundamental physics behind them.    The fields to be covered in this class are linear and rotational motions, energy and momentum. There will be a quiz cession before starting each week's experiment and pre/post-experiment reports are required to be submitted to teaching assistants.   본 과목은 이론으로 배워왔던 일반 물리학의 개념을 실험을 통해 이해를 돕고자 한다. 많은 일반 물리학의 주제 중 일상 생활에서 가장 접하기 쉬운 역학에 관련된 실험들로 주로 구성되어 있는데 간단하게는 길이의 정밀 측정부터 시작하여 자유낙하 운동, 뉴턴의 법칙, 에너지를 비롯한 운동량 보존 법칙 등 수업 시간에 배웠던 내용들을 실험으로 직접 확인하는 기회를 가진다.본 수업은 일반 물리학 강의에서 학습한 이론적인 내용들을 실험으로 직접 확인해 보고 그 이해를 돕는 것을 목표로 한다. 더 나아가 학생들이 실험을 통하여 여러 실험적 문제해결 방법에 익숙해지도록 한다.   해당 전공학과로 개설되는 일반물리학실험 수강을 원칙으로 함  해당학기 실험실 사정에 따라 일부 실험 종목이 바뀌어 질 수 있음.     유의사항   1. 공학용 계산기, 일반물리실험교재 필히 지참   2. 실험 중 부상에 노출될 수 있는 부적절한 복장(슬리퍼, 샌들 등)은 피한다.   3. 실험중 사적인 휴대폰 사용은 금지한다. (위반시 태도점수 감점)   4. 실험실 내 음식물 반입금지. (위반시 태도점수 감점)     출석 30, 온라인 수업 과제물 (오리엔테이션, 기말과제 제외) 5회*3점=15  대면실험리포트 8회*5점=40, 기말과제 10, 태도 5 (총점 100점)    결석 1회 = -3점 / 지각 1회 = -1점 / 지각 2회 = 결석 1회 / 결석 3회 = ‘F’   (삭감점수는 총점에서가 아닌, 출석 원점수 내에서 이루어짐)   기말과제 미제출 = 결석1회  감염병 상황에 따라 감염병관리위원회의 결정에 의해 대면수업이 비대면 온라인 동영상수업으로 대체될 수 있음. ""]",
"""물리학은 다양한 자연현상을 과학적으로 탐구하고 이해하고자 하는 학문이다. 이를 위해 많은 관찰과 실험은 필수적이며 획득한 여러 실험결과는 반드시 이론적인 체계와 비교, 설명되어야 하고 이 두 가지가 성공적으로 이루어질때 비로서 그 결과와 해석은 물리학의 지식 체계로서 인정받게 된다. 본 수업은 이러한 과정을 간단하게 따라가 보는 것으로 기초적인 실험을 통해 얻은 결과들을 일반 물리학 수업 시간 때 배웠던 내용과 비교해 봄으로써 그 주제에 대한 이해를 높이고, 더 나아가 학생들이 실험적 문제해결 방법에 익숙해 지는데 도움을 주고자 한다.    The major aim of this class is to perform basic physics experiments, compare experimental results to the thoeries and understand the fundamental physics behind them.    The fields to be covered in this class are linear and rotational motions, energy and momentum. There will be a quiz cession before starting each week's experiment and pre/post-experiment reports are required to be submitted to teaching assistants.   본 과목은 이론으로 배워왔던 일반 물리학의 개념을 실험을 통해 이해를 돕고자 한다. 많은 일반 물리학의 주제 중 일상 생활에서 가장 접하기 쉬운 역학에 관련된 실험들로 주로 구성되어 있는데 간단하게는 길이의 정밀 측정부터 시작하여 자유낙하 운동, 뉴턴의 법칙, 에너지를 비롯한 운동량 보존 법칙 등 수업 시간에 배웠던 내용들을 실험으로 직접 확인하는 기회를 가진다.본 수업은 일반 물리학 강의에서 학습한 이론적인 내용들을 실험으로 직접 확인해 보고 그 이해를 돕는 것을 목표로 한다. 더 나아가 학생들이 실험을 통하여 여러 실험적 문제해결 방법에 익숙해지도록 한다.   해당 전공학과로 개설되는 일반물리학실험 수강을 원칙으로 함.  해당학기 실험실 사정에 따라 일부 실험 종목이 바뀌어 질 수 있음.     유의사항   1. 공학용 계산기, 일반물리실험교재 필히 지참   2. 실험 중 부상에 노출될 수 있는 부적절한 복장(슬리퍼, 샌들 등)은 피한다.   3. 실험중 사적인 휴대폰 사용은 금지한다. (위반시 태도점수 감점)   4. 실험실 내 음식물 반입금지. (위반시 태도점수 감점)     출석 30, 온라인 수업 과제물 (오리엔테이션, 기말과제 제외) 5회*3점=15  대면실험리포트 8회*5점=40, 기말과제 10, 태도 5 (총점 100점)    결석 1회 = -3점 / 지각 1회 = -1점 / 지각 2회 = 결석 1회 / 결석 3회 = ‘F’   (삭감점수는 총점에서가 아닌, 출석 원점수 내에서 이루어짐)   기말과제 미제출 = 결석1회  감염병 상황에 따라 감염병관리위원회의 결정에 의해 대면수업이 비대면 온라인 동영상수업으로 대체될 수 있음. ""]",
"컴퓨터시스템의 구조 및 동작원리, 운영체제, 데이터베이스 등 핵심기술에 대해 포괄적으로 학습함.  리눅스운영체제의 기본적인 사용법을 포함하여, 개론에서 다룬 내용들을 직/간접적으로 재확인 할 수 있는 실습을 진행함.  4차산업혁명 시대의 핵심기술들에 대한 동향과 공학분야의 역할에 대해 생각하는 시간을 가짐.    컴퓨터시스템의 구조 및 동작원리, 운영체제, 데이터베이스, 네트워크 등 핵심기술, 프로그램이 컴퓨터에서 동작하는 과정에 대해 이해한다.  기본적인 쉘명령어 및 환경변수를 다루는 방법, 패키지관리, 검색, 압축, 컴파일러 등 핵심적인 도구들의 사용 방법, 쉘스크립트 작성 방법, 리눅스 로그 및 백업 관리 방법, 서버 구성, 원격 접속 등 네트워크 구성 및 관리 방법 등 향후 강의에서 사용할 리눅스운영체제를 다루는 방법을 익힌다.  4차산업혁명 핵심기술(AI, 빅데이터, IoT, 블록체인, 클라우드, 모바일, VR.AR 등)에 대한 동향 및 향후 전망, 4차산업혁명에서 공학 분야의 역할 등에 대해 학습한다.",
"컴퓨터시스템의 구조 및 동작원리, 운영체제, 데이터베이스 등 핵심기술에 대해 포괄적으로 학습함.  리눅스운영체제의 기본적인 사용법을 포함하여, 개론에서 다룬 내용들을 직/간접적으로 재확인 할 수 있는 실습을 진행함.  4차산업혁명 시대의 핵심기술들에 대한 동향과 공학분야의 역할에 대해 생각하는 시간을 가짐.    컴퓨터시스템의 구조 및 동작원리, 운영체제, 데이터베이스, 네트워크 등 핵심기술, 프로그램이 컴퓨터에서 동작하는 과정에 대해 이해한다.  기본적인 쉘명령어 및 환경변수를 다루는 방법, 패키지관리, 검색, 압축, 컴파일러 등 핵심적인 도구들의 사용 방법, 쉘스크립트 작성 방법, 리눅스 로그 및 백업 관리 방법, 서버 구성, 원격 접속 등 네트워크 구성 및 관리 방법 등 향후 강의에서 사용할 리눅스운영체제를 다루는 방법을 익힌다.  4차산업혁명 핵심기술(AI, 빅데이터, IoT, 블록체인, 클라우드, 모바일, VR.AR 등)에 대한 동향 및 향후 전망, 4차산업혁명에서 공학 분야의 역할 등에 대해 학습한다.",
"자연과학과 공학의 기초가 되는 1변수 함수의 미분과 적분에 대하여 공부한다.  함수의 극한과 연속, 미분과 적분의 기초개념을 이해하고 여러 함수의 미분법과 적분법에 대하여 공부한다. 평면곡선을 표현하는 여러 가지 방법을 이해하기 위하여 극좌표, 매개변수방정식과 그 미분 적분법을 공부한다. 마지막으로 무한급수와 테일러급수 등을 학습함으로써 기존의 기본함수로는 해결할 수 없는 여러 가지 문제의 해결법을 제시한다.    1변수함수의 극한, 미분, 적분과 응용 및 매개변수방정식, 무한급수에 대한 기본원리의 이해와 응용력을 토대로 공업수학 또는 기초 과학의 연구에 대한 기초를 마련한다.",
"자연과학과 공학의 기초가 되는 1변수 함수의 미분과 적분에 대하여 공부한다.  함수의 극한과 연속, 미분과 적분의 기초개념을 이해하고 여러 함수의 미분법과 적분법에 대하여 공부한다. 평면곡선을 표현하는 여러 가지 방법을 이해하기 위하여 극좌표, 매개변수방정식과 그 미분 적분법을 공부한다. 마지막으로 무한급수와 테일러급수 등을 학습함으로써 기존의 기본함수로는 해결할 수 없는 여러 가지 문제의 해결법을 제시한다.  1변수함수의 극한, 미분, 적분과 응용 및 매개변수방정식, 무한급수에 대한 기본원리의 이해와 응용력을 토대로 공업수학 또는 기초 과학의 연구에 대한 기초를 마련한다.",
"본 교과목은 1학년 공통기초필수 교과목으로서 신입생이 대학생활에의 적응과 전공에 대한 이해를 바탕으로 진로 비전을 설계할 수 있도록 하는 것을 목표로 한다. 신입생은 전공교수, 학습자 소그룹(10명 내외) 등과의 긴밀한 소통을 통해 전공에 대한 이해를 높일 수 있고, 전공 분야의 현장에서 요구되는 역량을 갖추기 위한 학습-진로의 비전을 설계할 수 있다. 또한 대학생활에의 적응과 전공의 이해를 위한 기초 강의 그리고 학습자 중심의 교수-학습방법인 PBL(문제해결학습) 등을 바탕으로 협동 학습에 필요한 역량, 문제해결능력 등을 함양하고 사회적 스킬을 배워 나갈 수 있다.    신입생이 자기이해와 함께 교수자-학습자, 학습자-학습자, 학습자-학습환경 간 소통과 이해를 통해 대학생활에 원활히 적응하고 능동적으로 학습하며 전공과 관련된 진로의 비전을 설계할 수 있도록 하는 것이 본 수업의 목표이다.    수강생들은 본 교과목을 수강한 후 다음의 역량을 함양할 수 있을 것으로 기대된다.   1. ERICA-PBL(문제해결학습)의 교수-학습방법을 이해하고 수업의 구성 및 진행 방식, 학습자의 역할 등을 구체적으로 설명할 수 있다.   2. 소그룹 학습공동체(팀)의 의미를 이해하고 학습공동체의 활동에 적극적으로 참여할 수 있다.   3. 전공과 현장의 특성이 반영된 비구조화된 문제를 해결하기 위해 자기주도적으로 학습을 계획하고 수행할 수 있다.",
"자료(데이터)는 컴퓨터공학에서 매우 중요한 구성 요소 중 하나이다. 특히 빅데이터를 효과적으로 활용하기 위해서는 자료의 효율적구성과 저장이 매우 중요한 기술적 이슈이다. 본 과목에서는 컴퓨터공학에서의 자료의 개념에 대해 정의하고, 자료를 효과적으로 구성, 저장, 및 활용할 수 있는 방법에 대해 학습한다. 또한 소프트웨어 엔지니어링에서 자료구조를 효과적으로 정의하고 활용하는 방법에 대해 학습한다.    또한 실습 과제를 통해 이론에서 학습한 내용을 바탕으로 Java 또는 c++언어를 통한 자료구조와 알고리즘을 실제 구현한다. 스택과 큐, 리스트, 탐색과 정렬, 이진트리, 그래프를 응용한 다양한 적용 사례를 과제를 통해 실습한다.  -객체지향프로그램과 자료의추상화에 대해 이해한다.  -자료구조의 기본 개념을 이해한다.  -자료를 구성하고 저장 및 액세스 하기 위한 효과적 방안들에 대해 학습한다.  -대료적 자료구조인 리스트, 스택, 큐, 트리, 그래프 등에 대해 학습한다.  -자료구조를 활용한 sorting, searching, recursion 방법 등에 대해 학습한다.",
"이 과목에서는 디지털논리회로의 설계와 해석에 필요한 기본 이론을 배운다. 주요 교과 내용은 부울대수, 논리함수의 표현과 간략화기법, 상용논리소자(인코더/디코더, 멀티플렉서, PLD 등), 그리고 플립플롭의 종류 및 동작특성 등이다.   이 과목의 최종 목표는 조합논리회로와 순차논리회로를 설계하고 해석하는 방법을 배우는 것이다.이 3학점 과목은 매주 2시간 이론강의와 2시간 실험으로 운영된다.",
"본 교과목은 각 대학 계열과 학과 특성에 맞게 진행되는 전공 학술영어로서 「학술영어2:글쓰기」에 필요한 영어 읽기와 말하기능력을 함양한다. 계열 및 전공 교과와 미래 직업 관련 내용 읽기, 발표, 토론을 통해 읽기 및 말하기능력을 함양하는 통합 교육을 목표로 한다.  Upon completion of the course, students will be able to  1. develop their English reading comprehension skills;  2. develop their English speaking & communication skills.",
"목표는 대학생들에게 계산 이론의 기본 개념을 소개하고 추가 연구에 대한 관심을 유발하는 것이다. 모델에 의존하는 효과는 체계적으로 무시되었다. 구체적인 계산 문제는 일반적인 원칙의 예시로만 간주된다. 나는 (1) 계산을 위한 적절한 모델의 발견과 (2) 일반적으로 계산의 본질적인 특성에 대한 검토라는 두 가지 주요 주제에 대해 우려해 왔다. 튜링 기계는 프로그램과 동일하기 때문에, 그들은 계산을 위한 적절한 모델을 형성한다. 그러나 어떤 의미에서 그들은 너무 많은 계산 능력을 가지고 있었다. 이것 때문에 우리는 그것들과 일반적인 계산에 대해 질문하려 할 때 큰 어려움에 직면할 수 있습니다. 우리가 사소한 것을 알고 싶을 때마다, 풀 수 없는 것이 튀어나왔다. 해결가능하거나 재귀적인 영역에서도 우리는 난치성을 발견했습니다. 이 과정에서는 오토마타, 계산성 및 복잡성의 세 가지 계산 이론 영역을 다루려고 한다. 오토마타 이론은 컴파일러 과정과 알고리즘 과정의 설계 및 분석을 위한 복잡도 이론의 필수적인 기초가 될 것이지만, 이 과정에서는 계산성이 진짜가 될 것이다. 이 세 영역 모두 서로 얽혀 있어 컴퓨터가 하는 계산입니다.  1. 계산이론의 이해  2. 계산 모형 및 형식언어의 이해  3. 계산가능성 및 복잡성 이론의 이해  Alan Turing이 증명한 멈춤문제는 결정불가능한 명제를 증명하는 과정에서 계산이란 무엇이며 그러한 계산과정을 수행하기 위한 컴퓨터 모델의 추상적 구조에 대해 학습한다. 형식언어에 대한 20세기 최고의 언어학자인 Noam Chomsky의 4가지 종류의 언어로 구성된 언어계층를 공부하며 이러한 형식언어이론이 현대 프로그래밍언어의 컴파일러 구성 방법에 어떻게 적용되는지 학습한다.",
수업목표 및 안내 본 과목은 선형대수의 기본 개념과 그 응용을 강의한다.   선형대수는 전산학 전반에 중요한   기초학문으로서 이를 숙지하여 전산학에 응용한다  ,
"이 수업에서는 인공지능, 데이터마이닝, 컴퓨터네트워크 등 다양한 컴퓨터공학 분야에 필수적인 기초 확률이론을 배운다.  특히 확률 변수의 개념과 관련된 기초 이론들을 익히는데 중점을 둔다.    이 수업에서는 확률에 관한 기본 이론들을 배운다.  구체적으로는 확률변수, 분포함수, 기댓값, 조건부기대값, 확률과정 등의 개념을 이해하고 다양한 분야에 이용할 수 있는 수학적 기초를 제공하는것을 목표로 한다.",
"""본 교과목은 ICT융합학부 1학년 수강생을 위한 기호논리학 과목이다. 본 교과목은 기호논리학의 기본이 되는 핵심 문장(atomic sentence), 조건 문장(conditional sentence), 정량화된 문장(quantified sentence) 등 논리적인 문장에 대한 개념을 제시하고, 주어진 문장의 타당성에 대해서 정형적으로 검증하는 증명방법을 소개한다.  본 교과목의 기본 목표는 기호논리학의 근간을 이루는 핵심 문장, 조건 문장, 정량화된 문장 등 논리적인 주장에 대한 개념을 학습하는 것이다.    또한, 주어진 문장이 논리적으로 타당한 지를 증명하기 위해 사용되는   1) 진리표를 통한 항진여부의 판별법이나,   2) 경우별 증명 혹은 모순유도 증명을 통한 비정형 증명법, 혹은   3) 다양한 system F의 생성/제거 규칙을 통한 정형 증명법 등  다양한 증명 방법에 대해서 학습한다.    이러한 수업목표의 효과적인 달성을 위해, 본 과목은 Tarski's World, Boole, Fitch 등의 다양한 소프트웨어를 활용한 스마트러닝(플립러닝)의 형태로 진행된다. 수강생들은 오프라인 강의 시간에 배운 각종 개념들을 온라인 강의를 통해 복습한 후, 각자의 수준과 진도에 맞춰 충분한 시간을 두고, 다양한 학습 소프트웨어를 차근차근 각자 실행해 봄으로써 논리학의 다양한 주요 개념에 대해서 숙지하도록 한다.""]",
"""본 교과목은 ICT융합학부 1학년 수강생을 위한 기호논리학 과목이다. 본 교과목은 기호논리학의 기본이 되는 핵심 문장(atomic sentence), 조건 문장(conditional sentence), 정량화된 문장(quantified sentence) 등 논리적인 문장에 대한 개념을 제시하고, 주어진 문장의 타당성에 대해서 정형적으로 검증하는 증명방법을 소개한다.  본 교과목의 기본 목표는 기호논리학의 근간을 이루는 핵심 문장, 조건 문장, 정량화된 문장 등 논리적인 주장에 대한 개념을 학습하는 것이다.    또한, 주어진 문장이 논리적으로 타당한 지를 증명하기 위해 사용되는   1) 진리표를 통한 항진여부의 판별법이나,   2) 경우별 증명 혹은 모순유도 증명을 통한 비정형 증명법, 혹은   3) 다양한 system F의 생성/제거 규칙을 통한 정형 증명법 등  다양한 증명 방법에 대해서 학습한다.    이러한 수업목표의 효과적인 달성을 위해, 본 과목은 Tarski's World, Boole, Fitch 등의 다양한 소프트웨어를 활용한 스마트러닝(플립러닝)의 형태로 진행된다. 수강생들은 오프라인 강의 시간에 배운 각종 개념들을 온라인 강의를 통해 복습한 후, 각자의 수준과 진도에 맞춰 충분한 시간을 두고, 다양한 학습 소프트웨어를 차근차근 각자 실행해 봄으로써 논리학의 다양한 주요 개념에 대해서 숙지하도록 한다.""]",
"월요일 온라인 녹화된 동영상 강의(이론, 영어) + 금요일 온라인 라이브 강의(연습, 한국어)] 이 클래스는 변수의 개념, 입력-출력, 함수 추상화를 연구하고 파이썬을 사용하여 조건, 루프, 재귀 등 프로그램의 제어 구조를 학습한다. 그 후 클래스는 객체와 파이썬 라이브러리의 개념을 이해하고 간단한 GUI 프로그래밍을 연습한다. - 변수, 연산자, 함수 등 프로그래밍의 기본 이해 - 프로그램 흐름 이해 및 설계 - 문제 해결을 위한 프로그램 설계",
"월요일 온라인 녹화된 동영상 강의(이론, 영어) + 금요일 온라인 라이브 강의(연습, 한국어)] 이 클래스는 변수의 개념, 입력-출력, 함수 추상화를 연구하고 파이썬을 사용하여 조건, 루프, 재귀 등 프로그램의 제어 구조를 학습한다. 그 후 클래스는 객체와 파이썬 라이브러리의 개념을 이해하고 간단한 GUI 프로그래밍을 연습한다. - 변수, 연산자, 함수 등 프로그래밍의 기본 이해 - 프로그램 흐름 이해 및 설계 - 문제 해결을 위한 프로그램 설계",
"이 수업은 4 차 산업 혁명 시대를 대표하는 창의적이고 혁신적인 기술에 관심이 있는 학생들을 대상으로 한 수업입니다.  여러 명의 강사와 다양한 전공의 교수님들을 초청하여 신기술과 미래 직업의 새로운 트렌드를 소개하며, AI, IoT, 3D프린팅, 빅데이터, 자율주행 차, 로봇, VR, 바이오헬스케어, 블록체인 등을 다룹니다.  산업 및 사회 환경의 급격한 변화에 대해서도 학생들이 미래 사회의 요구를 이해할 수 있도록 논의합니다.  학생들이 미래에 경험하게 될 새로운 기술 세계가 무엇인지 이해하고 ICT 부문에서 공부해야 할 커리큘럼을 통해 관련 아이디어를 개발합니다.   이 수업은 학생들이 미래의 학제 간 컴퓨팅 전문가로서의 현실적인 이미지를 갖도록 도와 줄 것입니다.",
"본 교과목에서는 4차산업혁명 시대에 주목받고 있는 인공지능의 기초 이론을 학습하게 된다. 인공지능의 이론적인 부분만 학습하는 것이 아니라 파이썬 프로그래밍언어를 사용하여 머신러닝, 딥러닝 라이브러리를 활용한 간단한 코딩 실습 교육을 진행하여 인공지능에 대한 이해를 높인다.  * 파이썬 프로그래밍언어 이해  * 인공지능 관련 실습을 통한 인공지능에 대한 이해",
"본 교과목에서는 4차산업혁명 시대에 주목받고 있는 인공지능의 기초 이론을 학습하게 된다.   인공지능의 이론적인 부분만 학습하는 것이 아니라 파이썬 프로그래밍언어를 사용하여 머신러닝, 딥러닝 라이브러리를 활용한 간단한 코딩 실습 교육을 진행하여 인공지능에 대한 이해를 높인다.  * 파이썬 프로그래밍언어 이해  * 인공지능 관련 실습을 통한 인공지능에 대한 이해",
"본 과목에서는 과학과 공학을 전공할 이공계 학생들을 대상으로 물리학의 기본원리와 개념을 다룬다. 주요내용은 뉴턴역학, 파동, 열역학 등이다.  COVID-19 의 사태가 진정되지 않은 관계로 본 강의는 원격수업 을 기반으로 합니다.]    ** 본 강의는 꾸준히 성실하게 하는 학생들에게 적합한 강의입니다.  학생들이 스스로 직접 해야 하는 것을 매번 유도하기에 수동적으로 강의를 임할 학생들은 상당히 귀찮을 수 있습니다.  그 점 유의하고 수강신청을 하였으면 좋겠습니다. **]  물리는 어렵다는 인식에서 탈피하여 주위에서 일상 일어나는 자연현상이나 일상생활에서 자주 접할 수 있는 사물들에 대한 이해를 통한 관심을 가질 수 있도록 합니다. 어렵고 복잡한 물리에서 흥미로운 물리 라는 인식 전환이 될 수 있도록 수업을 진행할 예정입니다. 특히, 잊기 쉬운 단위의 중요성을 강조하고 물리학의 기본이 되는 벡터 등 기초지식의 습관화를 유도하도록 합니다.    강의는 수식전개보다는 개념적인 설명과 학생들이 관심을 가질 수 있도록 유도하며 교재내용은 학생들이 스스로 직접 책을 읽고 공부할 수 있도록 문제풀이용 과제를 내줄 계획입니다.     능동적으로 강의를 임하거나 평소 본인이 모르는 것을 확실히 하기 위해 질문(토의)게시판에 참여하는 학생들에겐 학습참여도 평가항목으로 점수가 부과됩니다.    온라인 강의로 대체된 기간에는 매시간 강의내용에 대한 간단한 문답(퀴즈)를 통해 강의이해 확인및 출결, 학습참여도 평가까지 모두 반영됩니다.       다음은 성적평가와 관련된 안내입니다.  (1) 출석은 10번 이상 결석인 경우(병결등 증빙사유 있는 경우도 포함) F 처리 됩니다. 지각은 3번째부터는 감점처리 합니다.    (2) 결석감점은 1회당 -2점이며, 지각감점은 3회부터 -1점 입니다.     (3) 수업은 항상 양방향임을 명심하시길 바랍니다. 수동적인 자세보다는 항상 적극적이고 열린마음으로 강의에 임하길 바라며, 학습참여도에 반영됩니다.    (4) 교재 본문중에 나와 있는 확인,보기문제들은 본문내용의 연장선상에 있습니다. 모두 스스로 풀어보길 바랍니다. 이해가 되지 않는다면 언제든 질문하고 나중으로 미루지 마십시오. 성실도와 직결되므로 학습참여도에 반영됩니다.    (5) 과제는 함께 의논해서 이해하며 공부하는 것도 장려되지만, 제출시에는 각자 본인의 능력으로만 작성하여 제출하는 것을 원칙으로 합니다. 남의 과제를 그대로 적어 내는 경우 원 작성자와 베낀 학생 모두 감점처리합니다.",
"자연과학의 기초를 이루는 물리학은 이공계 학생들이 전공을 더 이해하고 문제를 풀어나가는데 있어서 매우 중요하므로, 기본적인 물리법칙들과 기본 개념을 파악하고 실제 자연현상과 전공 과목에 어떠한 형식으로 적용되는가를 이해하는 능력을 키운다.   물리학의 기본원리들과 개념을 파악하고 실제로 어떤 상황에서 어떻게 적용되는지 연습문제와 문제풀이로 배워본다.",
"자연과학과 공학의 기초가 되는 1변수 함수의 미분과 적분에 대하여 공부한다.  함수의 극한과 연속, 미분과 적분의 기초개념을 이해하고 여러 함수의 미분법과 적분법에 대하여 공부한다.   평면곡선을 표현하는 여러 가지 방법을 이해하기 위하여 극좌표, 매개변수방정식과 그 미분 적분법을 공부한다.   마지막으로 무한급수와 테일러급수 등을 학습함으로써 기존의 기본함수로는 해결할 수 없는 여러 가지 문제의 해결법을 제시한다.  1변수함수의 극한, 미분, 적분과 응용 및 매개변수방정식, 무한급수에 대한 기본원리의 이해와 응용력을 토대로 공업수학 또는 기초 과학의 연구에 대한 기초를 마련한다.",
"자연과학과 공학의 기초가 되는 1변수 함수의 미분과 적분에 대하여 공부한다.  함수의 극한과 연속, 미분과 적분의 기초개념을 이해하고 여러 함수의 미분법과 적분법에 대하여 공부한다.   평면곡선을 표현하는 여러 가지 방법을 이해하기 위하여 극좌표, 매개변수방정식과 그 미분 적분법을 공부한다.   마지막으로 무한급수와 테일러급수 등을 학습함으로써 기존의 기본함수로는 해결할 수 없는 여러 가지 문제의 해결법을 제시한다.  1변수함수의 극한, 미분, 적분과 응용 및 매개변수방정식, 무한급수에 대한 기본원리의 이해와 응용력을 토대로 공업수학 또는 기초 과학의 연구에 대한 기초를 마련한다.",
"본 교과목은 1학년 공통기초필수 교과목으로서 신입생이 대학생활에의 적응과 전공에 대한 이해를 바탕으로 진로 비전을 설계할 수 있도록 하는 것을 목표로 한다. 신입생은 전공교수, 학습자 소그룹(10명 내외) 등과의 긴밀한 소통을 통해 전공에 대한 이해를 높일 수 있고, 전공 분야의 현장에서 요구되는 역량을 갖추기 위한 학습-진로의 비전을 설계할 수 있다. 또한 대학생활에의 적응과 전공의 이해를 위한 기초 강의 그리고 학습자 중심의 교수-학습방법인 IC-PBL(문제해결학습)(Industry-Coupled Problem Based Learning) 등을 바탕으로 협동 학습에 필요한 역량, 문제해결능력 등을 함양하고 사회적 스킬을 배워 나갈 수 있다.    신입생이 자기이해와 함께 교수자-학습자, 학습자-학습자, 학습자-학습환경 간 소통과 이해를 통해 대학생활에 원활히 적응하고 능동적으로 학습하며 전공과 관련된 진로의 비전을 설계할 수 있도록 하는 것이 본 수업의 목표이다.    수강생들은 본 교과목을 수강한 후 다음의 역량을 함양할 수 있을 것으로 기대된다.   1. ERICA IC-PBL(문제해결학습)의 교수-학습방법을 이해하고 수업의 구성 및 진행 방식, 학습자의 역할 등을 구체적으로 설명할 수 있다.   2. 소그룹 학습공동체(팀)의 의미를 이해하고 학습공동체의 활동에 적극적으로 참여할 수 있다.   3. 전공과 현장의 특성이 반영된 비구조화된 문제를 해결하기 위해 자기주도적으로 학습을 계획하고 수행할 수 있다.",
"본 수업은 디자인에 관심 있거나, 디자인적인 소양을 배양하고 싶은 공학도들과 미학에 관심 있는 디자인 전공 학생들을 위한 과목이다.  서양미학사의 기초지식과 함께 예술적 소양을 배양하기 위해 한 학기 내내 다양한 프로그램을 경험하게 된다. 특히 디자인공학을 전공하고 있거나 전공하려는 1, 2학년 학생들은 반드시 들어야 할 과목이다. 디자인공학을 3학년 때 시작한 경우에도 반드시 수강하실 것.  본 교과는 디자인공학 융합전공 학생들에게 기본적인 서양 미학의  기본적인 이론을 학습하게 하고, 공학디자이너로서의 갖추어야 할 정서적 소양을 배양하기 위한 과목으로  서양미술사, 미술치료, 음악감상 등을 통한 정서적 치료와 감성적훈련을 목표로 한다.  이를 위해 이론뿐 아니라 전시, 공연 등을 감상하는 방법을 현장에서 체험하고 발표함으로써 디자이너가 가져야 할 다양한 정서적 잠재력을 개발하며 공학도를 포함한 다양한 전공의 학생들에게도 미학에 대한 기본지식과 공학 전공자들과의 인터액션 등 다양한 관점의 학습과 미학의 응용에 대한 실전적 지식을 배양하는 데 있다.",
"현재 가상현실과 증강현실에 대한 활용은 특수한 목적외에도 교육, 쇼핑, 엔터테이먼트 등 사회전반에 확산되어져 가고 있다. 이러한 가상현실과 증강현실의 발전에 비해 국내 전문가들의 수적인 부재로 인해 많은 전문인력을 필요로 하고 있는 실정이다. 이에 IC-PBL(문제해결학습)수업을 통해 증강/가상현실에 관한 제작도구 습득 뿐 아니라 이를 기반으로 창의적인 아이디어를 도출하여 어플리케이션 제작에 이르는 수업으로  가상증강현실의 기획력을 익히고 새로운 모바일 어플리케이션 개발을 위해 스스로 주도적으로 프로젝트를 이끌어갈 수 있는 능력을 키우는 것이 이 수업의 목적이다.  제시된 주어진 프로젝트에서 발상과 토론, 그 과정 속에서 오는 문제들을 해결해 나감으로써 창의적인 결과물을 얻어내는 경험을 할 수 있다.    기초수업. 차후 가상현실 및 유니티 수업을 듣기위한 선수과목  가상현실의 개념 및 기술에 대한 전반적인 이해.  Unity 3D 툴을 활용하는 방법을 알고 3차원 공간을 구현.  Unity 3D와 Google VR 을 활용하여 모바일 기반의 가상현실 공간을 구성.  팀 활동을 통해 각자의 역할을 나누어 가상현실 콘텐츠 개발.  수업을 이수하게 되면 Unity 3D 를 활용한 3차원 콘텐츠 개발 및 가상현실 콘텐츠 개발을 자체적으로 할 수 있는 능력을 취득하게 하는 것이 목표",
"디자인 사고력을 통한 수많은 아이디어를 빠르게 표현하고 정리할 수 있는 기초적인 드로잉 기술과 전개방법을 습득하고, 이를 데이터베이스화 하는 능력과 방법을 터득한다. 아울러, 컴퓨터드로잉과 그래픽스의 기본인 2D프로그램(Illustrator)을 자유자재로 활용할 수 있는 툴 운영능력을 익혀 다양한 프로그램에서 효율적인 방법과 기술을 적용하도록 한다.   기초적인 핸드드로잉 기술을 배우고, 아이디어를 표현해낼 수 있는 능력을 터득한다.   2D프로그램(Illustrator)의 툴 운영능력을 익혀 효율적인 방법으로 드로잉 표현에 적용한다.    ** 이 수업은 이론/실습 과목으로 이론은 비대면으로, 실습은 대면으로 진행합니다. 하지만 수업 진행 상황에 따라 수강생들과 상의 후 수업방식은 주차별로 조정될 수 있습니다. **",
효율적인 프로그램의 설계 구현에 있어서 필수적인 요소의 하나는 적절한 자료구조를 사용하는 것이다 본 과목에서는 공통적이고 기본적인 자료구조 유형들의 개념과 구조를 학습하고 그것의 응용 예들을 살펴봄으로써 기본적인 프로그래밍 능력을 고양시키고 또한 창의적인 문제해결능력을 고취하는 것을 목표로 한다.    * 수업에 교재필참 하시기 바랍니다.  ,
"본 과목은 ICT융합학부 수강생을 대상으로 소프트웨어개발의 큰 흐름으로 대두되고 있는 오픈소스SW 및 그 근간을 이루는 유닉스/리눅스와 인터넷 그리고 개발방법에 대해 소개하기 위한 교과목이다.  본 과목은 ICT융합학부의 교육과정 상, 오픈소스SW의 주요 개념을 이해하고, 그 근간을 이루는 유닉스/리눅스와 인터넷의 기본기를 익히며, SW개발방법론과 Version Control System에 대해 배움으로써 향후의 다양한 소프트웨어개발 및 코딩과목 수강에 있어 오픈소스SW를 적극활용할 수 있는 기틀을 제공하고자 한다.  (20명 미만 수강 시 절대평가로 진행)  이론은 1주차 실시간 원격수업 이후에는 전부 온라인 녹화강의로 진행되고,  실습은 월 13:00-15:00에 대면 혹은 실시간 원격수업(1주차 학생 투표로 결정 예정)으로 진행될 예정임.",
- 이 과목은 다양한 게임디자인 관련 이론과 게임디자인을 위한 분석적 프레임워크를 다룬다.  - 또한 다양한 게임디자인 원칙과 관련된 흥미로운 과제를 소개하고 프로토타입을 제작하고 테스트하는 반복과정을 설명한다.    - 본 수업은 게임디자인에 대한 여러 가지 이론을 학생들에게 소개하고 이론을 바탕으로 학생들이 직접 간단한 게임을 디자인 해보는 것을 목표로 한다.,
"뮤직프로덕션 업무에 활용되는 기본적인 테크놀로지와 업무 단계에 대해 학습하고,  음악, 음향학, 악기 구조론 등 뮤직프로덕션의 기본이 되는 연관 분야에 대해 학습한다. 또한 믹싱콘솔, 레코더, 마이크로폰, 스피커 등 기본 구성 시스템의 기능과 역할에 대해 이해와 함께 컴퓨터 기반의 MIDI미디, DAW(Digital Audio Workstation) 등을 이용한 녹음과 편집, 믹싱 등의 테크닉에 대해 학습을 통해, 음악 제작을 포함한 다양한 미디어프로덕션에서 요구되는 프로덕션 테크닉에 대해 학습한다.    수업은 강의식 수업과 수업중 시연, 그리고 학생들의 실습과 과제 수행으로 구성된다.  1. 뮤직프로덕션 업무의 기본 개념과 단계를 이해한다.  2. 기본적인 음악음향학, 악기구조 등에 대해 이해한다.   3. 뮤직프로덕션에 활용되는 믹싱콘솔, 마이크, 시그널프로세서 등의 기능에 대해 학습한다.   4. MIDI, DAW 시스템의 기능과 특성에 대해 이해한다.   5. 기본적인 음향 신호의 연결과 전송, 조정 기능에 대해 이해한다.",
효율적인 프로그램의 설계 구현에 있어서 필수적인 요소의 하나는 적절한 자료구조를 사용하는 것이다 본 과목에서는 공통적이고 기본적인 자료구조 유형들의 개념과 구조를 학습하고 그것의 응용 예들을 살펴봄으로써 기본적인 프로그래밍 능력을 고양시키고 또한 창의적인 문제해결능력을 고취하는 것을 목표로 한다.    * 수업에 교재필참 하시기 바랍니다.  ,
"본 과목은 ICT융합학부 수강생을 대상으로 소프트웨어개발의 큰 흐름으로 대두되고 있는 오픈소스SW 및 그 근간을 이루는 유닉스/리눅스와 인터넷 그리고 개발방법에 대해 소개하기 위한 교과목이다.  본 과목은 ICT융합학부의 교육과정 상, 오픈소스SW의 주요 개념을 이해하고, 그 근간을 이루는 유닉스/리눅스와 인터넷의 기본기를 익히며, SW개발방법론과 Version Control System에 대해 배움으로써 향후의 다양한 소프트웨어개발 및 코딩과목 수강에 있어 오픈소스SW를 적극활용할 수 있는 기틀을 제공하고자 한다.  (20명 미만 수강 시 절대평가로 진행)  이론은 1주차 실시간 원격수업 이후에는 전부 온라인 녹화강의로 진행되고,  실습은 월 11:00~13:00에 대면 혹은 실시간 원격수업(1주차 학생 투표로 결정 예정)으로 진행될 예정임.",
"공학적 기기, 제품, 환경 설계가 인간의 심리 행태와 조화롭게 이루어지기 위해서는 인간의 심리적 특성을 이해하는 것이 필요하다. 본 교과는 인간이 가지고 있는 인지적 특성을 학습하고 특히 인간의 정보 습득 방법, 선택적 주의력, 판단의 오류 과정, 시각적 정보 왜곡, 인지부조화, 선입견과 편견, 통계의 왜곡, 언어적 인식장애, 인터페이스 설계 이슈,  감성 평가 방법 등을 학습하여 인적오류를 최소화하고 사용자 감성과 경험을 극대화할 수 있는 공학적설계 원리에 대해 배우고 주어진 질문에 답하면서 활용방법을 연습한다. UI와UX, HCI(인간-컴퓨터상호작용), 인지인간공학, 사용자중심설계, Fail safe 디자인 분야에 반드시 필요한 개념들을 습득한다.  공학도들이 사용자의 심리적 특성을 이해하고 서비스나 제품을 제작할 수 있는 소양을 키운다. 이를 통해 시스템의 오류 유발, 서비스의 불편함, 제품의 불완전함을 해소 할 수 있는 기본 개념과 방법론을 학습한다.     공학심리의 이론을 학슴하고 이를 활용하기 위한 다양한 활동을 실시한다.  이론 강의가 진행된 후 팀별 토론 주제에 대해 논의하고 학습된 내용을 습득했는지 확인하기 위한 개별 과제가 주어진다.  기말 프로젝트의 경우  이후 팀원끼리의 상호 평가가 있어 개인의 팀 기여도가 반영될 수 있도록 하였으니 이점을 주의하여 팀플레이에 적극적으로 참여하여야 한다.    ",
"본 강의는 벡터와 행렬의 특징을 이해하고, 선형방정식을 통해 어떻게 활용되는 지를 이해하고자 한다.   벡터와 행렬의 특성을 통해, 선형 변환, 대각화 등의 주제로 어떻게 활용되는 지를 이해한다.",
"ICT기술을 기반으로 미디어컨버전스의 시대가 도래함으로서 1인 미디어방송, 다채널 유료방송, 스마트 미디어, SNS 등을 포함한 많은 새로운 디지털 융복합미디어들이 등장하고 있다. 이러한 융복합미디어의 등장은 미디어를 기반으로 하는 방송, 영화, 음악, 게임, 광고, 마케팅 등의 콘텐츠 산업에 많은 변화를 초래하고 있다. 본 과제를 통하여 개발하고자 하는 융복합미디어개론은 학생들에게 이러한 새로운 유형의 융복합미디어들을 소개하고, 학습시키며, 이러한 융복합미디어들이 방송, 영화, 음악, 게임, 광고, 마케팅 등의 콘텐츠 산업에 어떤 혁명적인 변화를 초래하는 지를 학습하게 한다.  본 과목은 첫째, 학생들에게 스마트 미디어를 비롯한 새로운 유형의 융복합미디어들의 기본 개념과 지식을 학습시키고, 둘째, 이러한 융복합미디어들이 다양한 미디어 산업에 어떠한 영향을 미치는가를 사례들을 중심으로 학습하고, 셋째, 페이스북과 같은 미디어기업들을 직접 방문하여 학생들로 하여금 현장 체험하게 하고, 넷째, 이러한 융복합미디어들을 기반으로 하는 다양한 비즈니스모델들을 소개함으로서 제 4차산업혁명과 ICT융합시대에 필요한 융합형 인재를 양성하는 것을 기본 목표로 한다    또한 본 과목은 기본적으로 강의 및 사례 발표 중심으로 운영된다. 본 과목은 ICT융합학부의 미디어 테크놀로지 전공 학생들로 하여금 융복합미디어라는 미디어 커뮤니케이션 영역에 대한 이해도를 높이기 위하여 이론을 바탕으로 실제 사례들을 학습하게 한다. 구체적으로 교수의 강의와 병행하여 학생들로 하여금 직접 페이스북과 같은 소셜미디어기업들을 방문하여 현장 실습하는 방식으로 운영한다.",
"이 수업은 인공지능에 대한 지적 호기심을 충족시킬 수 있는 다양한 이론과 예제를 다룹니다. 인공지능을 이해하는데 필요한 확률, 집합론 등의 수학 이론부터 인공지능 논리와 실생활 사례까지 전반적인 내용을 배울 수 있습니다. 현실에서 접할 수 있는 다양한 실생활 예제를 통해 인공지능 시스템들의 원리와 특징을 알아보고 해결 과정을 살펴봅니다.  본 수업에서는 인공지능 관련 분야에서 핵심적으로 사용되고 있는 전문가 시스템, 인공신경망, 퍼지 시스템, 진화연산 등의 주요 기술에 대해서 강의합니다. 이를 통해 지능형 시스템의 구성 원리, 지능형 시스템의 활용처에 대한 기초지식을 학습할 수 있도록 할 것입니다. 또한 인공지능을 활용한 다양한 실제 사례를 통해 이해를 높입니다.",
"정보시스템개발 및 운영 언어인 자바에 대한 기본적인 개념과 응용방법을 학습하며,  세부적으로는 자바언어구조분석 및 연산자와제어구조,객체지향프로그래밍 및 클래스와 메소드,프로세스까지 학습한다.  자바언어구조분석 및 연산자와제어구조,객체지향프로그래밍 및 클래스와 메소드,프로세스등 자바프로그래밍에 필요한 기본적인 지식을 습득하고자 한다. 초급 자바 프로그래머로써의 기본지식을 학습하고 프로그래머를 희망하는 학생들을 위한 기본적인 프로그래머로써의 논리적인 사고능력을 배양할수 있도록 한다.",
"기호논리학의 기초가 되는 증명 작성 방법과 의미적으로 증명을 이해하는 방법을 공부한다. 불리언대수체계에서 논증과정의 증명시스템이 주된 내용이다. 이 수업의 내용은 앞으로 학부 수업을 통해 프로그램을 설계하고 검증할 수 있는 능력의 기초가 될 것이다. 다루는 내용은 명제논리, 1차술어논리이다.  * 논리문장을 작성하는 방법을 배운다  * 논리문장으로 작성된 주장이 타당한지를 정형적으로 검증하는 증명술을 익힌다",
"이 과목에서는 프로그램을 구성하는 가장 기본적인 단위인 제어구조를 설계하고 작성하는 방법을 배웁니다.  - 프로그래밍 사전지식이 필요없습니다.  - 파이썬 언어를 사용합니다.  - 코로나19의 영향으로 모든 수업은 실시간 강의(Zoom 사용)로 진행합니다. 단, 중간/기말시험은 가능하다면 오프라인으로 진행합니다.  이 과목의 목표는 프로그램을 작성하는 기본원리를 배우고 실제로 프로그램을 작성해보면서 익숙해지는 것입니다.    - 문제풀이중심학습(Problem Based Learning) 방식으로 진행합니다.  - 매 주 주제에 맞는 문제가 주어집니다. 문제를 풀기 위한 원리를 2시간 (실시간) 강의로 습득하고, 2시간 실습을 통하여 강의 내용을 복습합니다.  - 매 주 주어지는 프로그래밍 과제로 스스로 해결하는 능력을 키웁니다.  - 학기말에는 배운 내용을 활용한 조별과제(보드게임 혹은 카드게임)를 수행합니다. 평가 항목은 제안-구현-발표-시연입니다.  - 학기 중간과 학기 말에 시험을 봅니다.",
"인공지능의 개념을 설명하고, 다양한 ""딥러닝"" 방식을 배우며, 역전파처럼 어려운 내용은 ‘계산그래프’ 기법으로 시각적으로 배운다.   전반적인 이론에 대한 실습을 위해 파이썬언어를 배운다.  인공지능을 다루기 위한 다양한 방식의 교수학습을 통해 역량을 실질적으로 키워갈 수 있도록 하며. 이를 위한 다양한 예제들을 통해서 이해를 돕니다.  ",
"본 과목에서는 과학과 공학을 전공할 이공계 학생들을 대상으로 물리학의 기본원리와 개념을 다룬다. 주요내용은 뉴턴역학, 파동, 열역학 등이다.  COVID-19 의 사태가 진정되지 않은 관계로 본 강의는 원격수업 을 기반으로 합니다.]    ** 본 강의는 꾸준히 성실하게 하는 학생들에게 적합한 강의입니다.  학생들이 스스로 직접 해야 하는 것을 매번 유도하기에 수동적으로 강의를 임할 학생들은 상당히 귀찮을 수 있습니다.  그 점 유의하고 수강신청을 하였으면 좋겠습니다. **]  물리는 어렵다는 인식에서 탈피하여 주위에서 일상 일어나는 자연현상이나 일상생활에서 자주 접할 수 있는 사물들에 대한 이해를 통한 관심을 가질 수 있도록 합니다. 어렵고 복잡한 물리에서 흥미로운 물리 라는 인식 전환이 될 수 있도록 수업을 진행할 예정입니다. 특히, 잊기 쉬운 단위의 중요성을 강조하고 물리학의 기본이 되는 벡터 등 기초지식의 습관화를 유도하도록 합니다.    강의는 수식전개보다는 개념적인 설명과 학생들이 관심을 가질 수 있도록 유도하며 교재내용은 학생들이 스스로 직접 책을 읽고 공부할 수 있도록 문제풀이용 과제를 내줄 계획입니다.     능동적으로 강의를 임하거나 평소 본인이 모르는 것을 확실히 하기 위해 질문(토의)게시판에 참여하는 학생들에겐 학습참여도 평가항목으로 점수가 부과됩니다.    온라인 강의로 대체된 기간에는 매시간 강의내용에 대한 간단한 문답(퀴즈)를 통해 강의이해 확인및 출결, 학습참여도 평가까지 모두 반영됩니다.       다음은 성적평가와 관련된 안내입니다.  (1) 출석은 10번 이상 결석인 경우(병결등 증빙사유 있는 경우도 포함) F 처리 됩니다. 지각은 3번째부터는 감점처리 합니다.    (2) 결석감점은 1회당 -2점이며, 지각감점은 3회부터 -1점 입니다.     (3) 수업은 항상 양방향임을 명심하시길 바랍니다. 수동적인 자세보다는 항상 적극적이고 열린마음으로 강의에 임하길 바라며, 학습참여도에 반영됩니다.    (4) 교재 본문중에 나와 있는 확인,보기문제들은 본문내용의 연장선상에 있습니다. 모두 스스로 풀어보길 바랍니다. 이해가 되지 않는다면 언제든 질문하고 나중으로 미루지 마십시오. 성실도와 직결되므로 학습참여도에 반영됩니다.    (5) 과제는 함께 의논해서 이해하며 공부하는 것도 장려되지만, 제출시에는 각자 본인의 능력으로만 작성하여 제출하는 것을 원칙으로 합니다. 남의 과제를 그대로 적어 내는 경우 원 작성자와 베낀 학생 모두 감점처리합니다.",
"컴퓨터시스템의 구조 및 동작원리, 운영체제, 데이터베이스 등 핵심기술에 대해 포괄적으로 학습함.  리눅스운영체제의 기본적인 사용법을 포함하여, 개론에서 다룬 내용들을 직/간접적으로 재확인 할 수 있는 실습을 진행함.  4차산업혁명 시대의 핵심기술들에 대한 동향과 공학분야의 역할에 대해 생각하는 시간을 가짐.    컴퓨터시스템의 구조 및 동작원리, 운영체제, 데이터베이스, 네트워크 등 핵심기술, 프로그램이 컴퓨터에서 동작하는 과정에 대해 이해한다.  기본적인 쉘명령어 및 환경변수를 다루는 방법, 패키지관리, 검색, 압축, 컴파일러 등 핵심적인 도구들의 사용 방법, 쉘스크립트 작성 방법, 리눅스 로그 및 백업 관리 방법, 서버 구성, 원격 접속 등 네트워크 구성 및 관리 방법 등 향후 강의에서 사용할 리눅스운영체제를 다루는 방법을 익힌다.  4차산업혁명 핵심기술(AI, 빅데이터, IoT, 블록체인, 클라우드, 모바일, VR.AR 등)에 대한 동향 및 향후 전망, 4차산업혁명에서 공학 분야의 역할 등에 대해 학습한다.",
"자연과학과 공학의 기초가 되는 1변수 함수의 미분과 적분에 대하여 공부한다.  함수의 극한과 연속, 미분과 적분의 기초개념을 이해하고 여러 함수의 미분법과 적분법에 대하여 공부한다. 평면곡선을 표현하는 여러 가지 방법을 이해하기 위하여 극좌표, 매개변수방정식과 그 미분 적분법을 공부한다. 마지막으로 무한급수와 테일러급수 등을 학습함으로써 기존의 기본함수로는 해결할 수 없는 여러 가지 문제의 해결법을 제시한다.  1변수함수의 극한, 미분, 적분과 응용 및 매개변수방정식, 무한급수에 대한 기본원리의 이해와 응용력을 토대로 공업수학 또는 기초 과학의 연구에 대한 기초를 마련한다.",
"본 교과목은 1학년 공통기초필수 교과목으로서 신입생이 대학생활에의 적응과 전공에 대한 이해를 바탕으로 진로 비전을 설계할 수 있도록 하는 것을 목표로 한다. 신입생은 전공교수, 학습자 소그룹(10명 내외) 등과의 긴밀한 소통을 통해 전공에 대한 이해를 높일 수 있고, 전공 분야의 현장에서 요구되는 역량을 갖추기 위한 학습-진로의 비전을 설계할 수 있다.   - 대학생활안내  - 한양핵심역량진단  - 전공 분야 이해",
"본 교과목은 1학년 공통기초필수 교과목으로서 신입생이 대학생활에의 적응과 전공에 대한 이해를 바탕으로 진로 비전을 설계할 수 있도록 하는 것을 목표로 한다. 신입생은 전공교수, 학습자 소그룹(10명 내외) 등과의 긴밀한 소통을 통해 전공에 대한 이해를 높일 수 있고, 전공 분야의 현장에서 요구되는 역량을 갖추기 위한 학습-진로의 비전을 설계할 수 있다. 또한 대학생활에의 적응과 전공의 이해를 위한 기초 강의 그리고 학습자 중심의 교수-학습방법인 PBL(문제해결학습) 등을 바탕으로 협동 학습에 필요한 역량, 문제해결능력 등을 함양하고 사회적 스킬을 배워 나갈 수 있다.    신입생이 자기이해와 함께 교수자-학습자, 학습자-학습자, 학습자-학습환경 간 소통과 이해를 통해 대학생활에 원활히 적응하고 능동적으로 학습하며 전공과 관련된 진로의 비전을 설계할 수 있도록 하는 것이 본 수업의 목표이다.    수강생들은 본 교과목을 수강한 후 다음의 역량을 함양할 수 있을 것으로 기대된다.   1. ERICA-PBL(문제해결학습)의 교수-학습방법을 이해하고 수업의 구성 및 진행 방식, 학습자의 역할 등을 구체적으로 설명할 수 있다.   2. 소그룹 학습공동체(팀)의 의미를 이해하고 학습공동체의 활동에 적극적으로 참여할 수 있다.   3. 전공과 현장의 특성이 반영된 비구조화된 문제를 해결하기 위해 자기주도적으로 학습을 계획하고 수행할 수 있다.",
"본 교과목은 1학년 공통기초필수 교과목으로서 신입생이 대학생활에의 적응과 전공에 대한 이해를 바탕으로 진로 비전을 설계할 수 있도록 하는 것을 목표로 한다. 신입생은 전공교수, 학습자 소그룹(10명 내외) 등과의 긴밀한 소통을 통해 전공에 대한 이해를 높일 수 있고, 전공 분야의 현장에서 요구되는 역량을 갖추기 위한 학습-진로의 비전을 설계할 수 있다. 또한 대학생활에의 적응과 전공의 이해를 위한 기초 강의 그리고 학습자 중심의 교수-학습방법인 PBL(문제해결학습) 등을 바탕으로 협동 학습에 필요한 역량, 문제해결능력 등을 함양하고 사회적 스킬을 배워 나갈 수 있다.      신입생이 자기이해와 함께 교수자-학습자, 학습자-학습자, 학습자-학습 환경 간 소통과 이해를 통해 대학생활에 원활히 적응하고 능동적으로 학습하며 전공과 관련된 진로의 비전을 설계할 수 있도록 하는 것이 본 수업의 목표이다.    수강생들은 본 교과목을 수강한 후 다음의 역량을 함양할 수 있을 것으로 기대된다.   1. ERICA-PBL(문제해결학습)의 교수-학습방법을 이해하고 수업의 구성 및 진행 방식, 학습자의 역할 등을 구체적으로 설명할 수 있다.   2. 소그룹 학습공동체(팀)의 의미를 이해하고 학습공동체의 활동에 적극적으로 참여할 수 있다.   3. 전공과 현장의 특성이 반영된 비구조화된 문제를 해결하기 위해 자기주도적으로 학습을 계획하고 수행할 수 있다.",
"본 교과목은 1학년 공통기초필수 교과목으로서 신입생이 대학생활에의 적응과 전공에 대한 이해를 바탕으로 진로 비전을 설계할 수 있도록 하는 것을 목표로 한다. 신입생은 전공교수, 학습자 소그룹(10명 내외) 등과의 긴밀한 소통을 통해 전공에 대한 이해를 높일 수 있고, 전공 분야의 현장에서 요구되는 역량을 갖추기 위한 학습-진로의 비전을 설계할 수 있다. 또한 대학생활에의 적응과 전공의 이해를 위한 기초 강의 그리고 학습자 중심의 교수-학습방법인 IC-PBL(문제해결학습)(Industry-Coupled Problem Based Learning) 등을 바탕으로 협동 학습에 필요한 역량, 문제해결능력 등을 함양하고 사회적 스킬을 배워 나갈 수 있다.  신입생이 자기이해와 함께 교수자-학습자, 학습자-학습자, 학습자-학습환경 간 소통과 이해를 통해 대학생활에 원활히 적응하고 능동적으로 학습하며 전공과 관련된 진로의 비전을 설계할 수 있도록 하는 것이 본 수업의 목표이다.    수강생들은 본 교과목을 수강한 후 다음의 역량을 함양할 수 있을 것으로 기대된다.   1. ERICA IC-PBL(문제해결학습)의 교수-학습방법을 이해하고 수업의 구성 및 진행 방식, 학습자의 역할 등을 구체적으로 설명할 수 있다.   2. 소그룹 학습공동체(팀)의 의미를 이해하고 학습공동체의 활동에 적극적으로 참여할 수 있다.   3. 전공과 현장의 특성이 반영된 비구조화된 문제를 해결하기 위해 자기주도적으로 학습을 계획하고 수행할 수 있다.",
"본 교과목은 1학년 공통기초필수 교과목으로서 신입생이 대학생활에의 적응과 전공에 대한 이해를 바탕으로 진로 비전을 설계할 수 있도록 하는 것을 목표로 한다. 신입생은 전공교수, 학습자 소그룹(10명 내외) 등과의 긴밀한 소통을 통해 전공에 대한 이해를 높일 수 있고, 전공 분야의 현장에서 요구되는 역량을 갖추기 위한 학습-진로의 비전을 설계할 수 있다. 또한 대학생활에의 적응과 전공의 이해를 위한 기초 강의 그리고 학습자 중심의 교수-학습방법인 PBL(문제해결학습) 등을 바탕으로 협동 학습에 필요한 역량, 문제해결능력 등을 함양하고 사회적 스킬을 배워 나갈 수 있다.  신입생이 자기이해와 함께 교수자-학습자, 학습자-학습자, 학습자-학습환경 간 소통과 이해를 통해 대학생활에 원활히 적응하고 능동적으로 학습하며 전공과 관련된 진로의 비전을 설계할 수 있도록 하는 것이 본 수업의 목표이다.    수강생들은 본 교과목을 수강한 후 다음의 역량을 함양할 수 있을 것으로 기대된다.   1. ERICA-PBL(문제해결학습)의 교수-학습방법을 이해하고 수업의 구성 및 진행 방식, 학습자의 역할 등을 구체적으로 설명할 수 있다.   2. 소그룹 학습공동체(팀)의 의미를 이해하고 학습공동체의 활동에 적극적으로 참여할 수 있다.   3. 전공과 현장의 특성이 반영된 비구조화된 문제를 해결하기 위해 자기주도적으로 학습을 계획하고 수행할 수 있다.",
"본 교과목은 1학년 공통기초필수 교과목으로서 신입생이 대학생활에의 적응과 전공에 대한 이해를 바탕으로 진로 비전을 설계할 수 있도록 하는 것을 목표로 한다. 신입생은 전공교수, 학습자 소그룹(10명 내외) 등과의 긴밀한 소통을 통해 전공에 대한 이해를 높일 수 있고, 전공 분야의 현장에서 요구되는 역량을 갖추기 위한 학습-진로의 비전을 설계할 수 있다. 또한 대학생활에의 적응과 전공의 이해를 위한 기초 강의 그리고 학습자 중심의 교수-학습방법인 PBL(문제해결학습) 등을 바탕으로 협동 학습에 필요한 역량, 문제해결능력 등을 함양하고 사회적 스킬을 배워 나갈 수 있다.     신입생이 자기이해와 함께 교수자-학습자, 학습자-학습자, 학습자-학습환경 간 소통과 이해를 통해 대학생활에 원활히 적응하고 능동적으로 학습하며 전공과 관련된 진로의 비전을 설계할 수 있도록 하는 것이 본 수업의 목표이다.    수강생들은 본 교과목을 수강한 후 다음의 역량을 함양할 수 있을 것으로 기대된다.   1. ERICA-PBL(문제해결학습)의 교수-학습방법을 이해하고 수업의 구성 및 진행 방식, 학습자의 역할 등을 구체적으로 설명할 수 있다.   2. 소그룹 학습공동체(팀)의 의미를 이해하고 학습공동체의 활동에 적극적으로 참여할 수 있다.   3. 전공과 현장의 특성이 반영된 비구조화된 문제를 해결하기 위해 자기주도적으로 학습을 계획하고 수행할 수 있다.",
"본 교과목은 1학년 공통기초필수 교과목으로서 신입생이 대학생활에의 적응과 전공에 대한 이해를 바탕으로 진로 비전을 설계할 수 있도록 하는 것을 목표로 한다. 신입생은 전공교수, 학습자 소그룹(10명 내외) 등과의 긴밀한 소통을 통해 전공에 대한 이해를 높일 수 있고, 전공 분야의 현장에서 요구되는 역량을 갖추기 위한 학습-진로의 비전을 설계할 수 있다. 또한 대학생활에의 적응과 전공의 이해를 위한 기초 강의 그리고 학습자 중심의 교수-학습방법인 PBL(문제해결학습) 등을 바탕으로 협동 학습에 필요한 역량, 문제해결능력 등을 함양하고 사회적 스킬을 배워 나갈 수 있다.    신입생이 자기이해와 함께 교수자-학습자, 학습자-학습자, 학습자-학습 환경 간 소통과 이해를 통해 대학생활에 원활히 적응하고 능동적으로 학습하며 전공과 관련된 진로의 비전을 설계할 수 있도록 하는 것이 본 수업의 목표이다.    수강생들은 본 교과목을 수강한 후 다음의 역량을 함양할 수 있을 것으로 기대된다.     1. ERICA-PBL(문제해결학습)의 교수-학습방법을 이해하고 수업의 구성 및 진행 방식, 학습자의 역할 등을 구체적으로 설명할 수 있다.   2. 소그룹 학습공동체(팀)의 의미를 이해하고 학습공동체의 활동에 적극적으로 참여할 수 있다.   3. 전공과 현장의 특성이 반영된 비구조화된 문제를 해결하기 위해 자기주도적으로 학습을 계획하고 수행할 수 있다.",
"본 교과목은 1학년 공통기초필수 교과목으로서 신입생이 대학생활에의 적응과 전공에 대한 이해를 바탕으로 진로 비전을 설계할 수 있도록 하는 것을 목표로 한다. 신입생은 전공교수, 학습자 소그룹(10명 내외) 등과의 긴밀한 소통을 통해 전공에 대한 이해를 높일 수 있고, 전공 분야의 현장에서 요구되는 역량을 갖추기 위한 학습-진로의 비전을 설계할 수 있다. 또한 대학생활에의 적응과 전공의 이해를 위한 기초 강의 그리고 학습자 중심의 교수-학습방법인 A106 등을 바탕으로 협동 학습에 필요한 역량, 문제해결능력 등을 함양하고 사회적 스킬을 배워 나갈 수 있다.    신입생이 자기이해와 함께 교수자-학습자, 학습자-학습자, 학습자-학습환경 간 소통과 이해를 통해 대학생활에 원활히 적응하고 능동적으로 학습하며 전공과 관련된 진로의 비전을 설계할 수 있도록 하는 것이 본 수업의 목표이다.    수강생들은 본 교과목을 수강한 후 다음의 역량을 함양할 수 있을 것으로 기대된다.   1. ERICA-PBL(문제해결학습)의 교수-학습방법을 이해하고 수업의 구성 및 진행 방식, 학습자의 역할 등을 구체적으로 설명할 수 있다.   2. 소그룹 학습공동체(팀)의 의미를 이해하고 학습공동체의 활동에 적극적으로 참여할 수 있다.   3. 전공과 현장의 특성이 반영된 비구조화된 문제를 해결하기 위해 자기주도적으로 학습을 계획하고 수행할 수 있다.",
"본 교과목은 1학년 공통기초필수 교과목으로서 신입생이 대학생활에의 적응과 전공에 대한 이해를 바탕으로 진로 비전을 설계할 수 있도록 하는 것을 목표로 한다. 신입생은 전공교수, 학습자 소그룹(10명 내외) 등과의 긴밀한 소통을 통해 전공에 대한 이해를 높일 수 있고, 전공 분야의 현장에서 요구되는 역량을 갖추기 위한 학습-진로의 비전을 설계할 수 있다. 또한 대학생활에의 적응과 전공의 이해를 위한 기초 강의 그리고 학습자 중심의 교수-학습방법인 PBL(문제해결학습) 등을 바탕으로 협동 학습에 필요한 역량, 문제해결능력 등을 함양하고 사회적 스킬을 배워 나갈 수 있다.     신입생이 자기이해와 함께 교수자-학습자, 학습자-학습자, 학습자-학습환경 간 소통과 이해를 통해 대학생활에 원활히 적응하고 능동적으로 학습하며 전공과 관련된 진로의 비전을 설계할 수 있도록 하는 것이 본 수업의 목표이다.    수강생들은 본 교과목을 수강한 후 다음의 역량을 함양할 수 있을 것으로 기대된다.   1. ERICA-PBL(문제해결학습)의 교수-학습방법을 이해하고 수업의 구성 및 진행 방식, 학습자의 역할 등을 구체적으로 설명할 수 있다.   2. 소그룹 학습공동체(팀)의 의미를 이해하고 학습공동체의 활동에 적극적으로 참여할 수 있다.   3. 전공과 현장의 특성이 반영된 비구조화된 문제를 해결하기 위해 자기주도적으로 학습을 계획하고 수행할 수 있다.",
"본 교과목은 1학년 공통기초필수 교과목으로서 신입생이 대학생활에의 적응과 전공에 대한 이해를 바탕으로 진로 비전을 설계할 수 있도록 하는 것을 목표로 한다. 신입생은 전공교수, 학습자 소그룹(10명 내외) 등과의 긴밀한 소통을 통해 전공에 대한 이해를 높일 수 있고, 전공 분야의 현장에서 요구되는 역량을 갖추기 위한 학습-진로의 비전을 설계할 수 있다. 또한 대학생활에의 적응과 전공의 이해를 위한 기초 강의 그리고 학습자 중심의 교수-학습방법인 PBL(문제해결학습) 등을 바탕으로 협동 학습에 필요한 역량, 문제해결능력 등을 함양하고 사회적 스킬을 배워 나갈 수 있다.    신입생이 자기이해와 함께 교수자-학습자, 학습자-학습자, 학습자-학습환경 간 소통과 이해를 통해 대학생활에 원활히 적응하고 능동적으로 학습하며 전공과 관련된 진로의 비전을 설계할 수 있도록 하는 것이 본 수업의 목표이다.    수강생들은 본 교과목을 수강한 후 다음의 역량을 함양할 수 있을 것으로 기대된다.   1. ERICA-PBL(문제해결학습)의 교수-학습방법을 이해하고 수업의 구성 및 진행 방식, 학습자의 역할 등을 구체적으로 설명할 수 있다.   2. 소그룹 학습공동체(팀)의 의미를 이해하고 학습공동체의 활동에 적극적으로 참여할 수 있다.   3. 전공과 현장의 특성이 반영된 비구조화된 문제를 해결하기 위해 자기주도적으로 학습을 계획하고 수행할 수 있다.",
"본 교과목은 1학년 공통기초필수 교과목으로서 신입생이 대학생활에의 적응과 전공에 대한 이해를 바탕으로 진로 비전을 설계할 수 있도록 하는 것을 목표로 한다. 신입생은 전공교수, 학습자 소그룹(10명 내외) 등과의 긴밀한 소통을 통해 전공에 대한 이해를 높일 수 있고, 전공 분야의 현장에서 요구되는 역량을 갖추기 위한 학습-진로의 비전을 설계할 수 있다. 또한 대학생활에의 적응과 전공의 이해를 위한 기초 강의 그리고 학습자 중심의 교수-학습방법인 PBL(문제해결학습) 등을 바탕으로 협동 학습에 필요한 역량, 문제해결능력 등을 함양하고 사회적 스킬을 배워 나갈 수 있다.   신입생이 자기이해와 함께 교수자-학습자, 학습자-학습자, 학습자-학습환경 간 소통과 이해를 통해 대학생활에 원활히 적응하고 능동적으로 학습하며 전공과 관련된 진로의 비전을 설계할 수 있도록 하는 것이 본 수업의 목표이다.    수강생들은 본 교과목을 수강한 후 다음의 역량을 함양할 수 있을 것으로 기대된다.   1. ERICA-PBL(문제해결학습)의 교수-학습방법을 이해하고 수업의 구성 및 진행 방식, 학습자의 역할 등을 구체적으로 설명할 수 있다.   2. 소그룹 학습공동체(팀)의 의미를 이해하고 학습공동체의 활동에 적극적으로 참여할 수 있다.   3. 전공과 현장의 특성이 반영된 비구조화된 문제를 해결하기 위해 자기주도적으로 학습을 계획하고 수행할 수 있다.",
"본 교과목은 1학년 공통기초필수 교과목으로서 신입생이 대학생활에의 적응과 전공에 대한 이해를 바탕으로 진로 비전을 설계할 수 있도록 하는 것을 목표로 한다. 신입생은 전공교수, 학습자 소그룹(10명 내외) 등과의 긴밀한 소통을 통해 전공에 대한 이해를 높일 수 있고, 전공 분야의 현장에서 요구되는 역량을 갖추기 위한 학습-진로의 비전을 설계할 수 있다. 또한 대학생활에의 적응과 전공의 이해를 위한 기초 강의 그리고 학습자 중심의 교수-학습방법인 PBL(문제해결학습) 등을 바탕으로 협동 학습에 필요한 역량, 문제해결능력 등을 함양하고 사회적 스킬을 배워 나갈 수 있다.     신입생이 자기이해와 함께 교수자-학습자, 학습자-학습자, 학습자-학습환경 간 소통과 이해를 통해 대학생활에 원활히 적응하고 능동적으로 학습하며 전공과 관련된 진로의 비전을 설계할 수 있도록 하는 것이 본 수업의 목표이다.    수강생들은 본 교과목을 수강한 후 다음의 역량을 함양할 수 있을 것으로 기대된다.   1. ERICA-PBL(문제해결학습)의 교수-학습방법을 이해하고 수업의 구성 및 진행 방식, 학습자의 역할 등을 구체적으로 설명할 수 있다.   2. 소그룹 학습공동체(팀)의 의미를 이해하고 학습공동체의 활동에 적극적으로 참여할 수 있다.   3. 전공과 현장의 특성이 반영된 비구조화된 문제를 해결하기 위해 자기주도적으로 학습을 계획하고 수행할 수 있다.",
"본 교과목은 1학년 공통기초필수 교과목으로서 신입생이 대학생활에의 적응과 전공에 대한 이해를 바탕으로 진로 비전을 설계할 수 있도록 하는 것을 목표로 한다. 신입생은 전공교수, 학습자 소그룹(10명 내외) 등과의 긴밀한 소통을 통해 전공에 대한 이해를 높일 수 있고, 전공 분야의 현장에서 요구되는 역량을 갖추기 위한 학습-진로의 비전을 설계할 수 있다. 또한 대학생활에의 적응과 전공의 이해를 위한 기초 강의 그리고 학습자 중심의 교수-학습방법인 PBL(문제해결학습) 등을 바탕으로 협동 학습에 필요한 역량, 문제해결능력 등을 함양하고 사회적 스킬을 배워 나갈 수 있다.      **학교에서 일괄적으로 운영하는 수업으로 실제 운영 내용은 학기 중에 변동될 수 있음**  신입생이 자기이해와 함께 교수자-학습자, 학습자-학습자, 학습자-학습환경 간 소통과 이해를 통해 대학생활에 원활히 적응하고 능동적으로 학습하며 전공과 관련된 진로의 비전을 설계할 수 있도록 하는 것이 본 수업의 목표이다.    수강생들은 본 교과목을 수강한 후 다음의 역량을 함양할 수 있을 것으로 기대된다.   1. ERICA-PBL(문제해결학습)의 교수-학습방법을 이해하고 수업의 구성 및 진행 방식, 학습자의 역할 등을 구체적으로 설명할 수 있다.   2. 소그룹 학습공동체(팀)의 의미를 이해하고 학습공동체의 활동에 적극적으로 참여할 수 있다.   3. 전공과 현장의 특성이 반영된 비구조화된 문제를 해결하기 위해 자기주도적으로 학습을 계획하고 수행할 수 있다.",
"본 교과목은 1학년 공통기초필수 교과목으로서 신입생이 대학생활에의 적응과 전공에 대한 이해를 바탕으로 진로 비전을 설계할 수 있도록 하는 것을 목표로 한다. 신입생은 전공교수, 학습자 소그룹(10명 내외) 등과의 긴밀한 소통을 통해 전공에 대한 이해를 높일 수 있고, 전공 분야의 현장에서 요구되는 역량을 갖추기 위한 학습-진로의 비전을 설계할 수 있다. 또한 대학생활에의 적응과 전공의 이해를 위한 기초 강의 그리고 학습자 중심의 교수-학습방법인 PBL(문제해결학습) 등을 바탕으로 협동 학습에 필요한 역량, 문제해결능력 등을 함양하고 사회적 스킬을 배워 나갈 수 있다.    신입생이 자기이해와 함께 교수자-학습자, 학습자-학습자, 학습자-학습환경 간 소통과 이해를 통해 대학생활에 원활히 적응하고 능동적으로 학습하며 전공과 관련된 진로의 비전을 설계할 수 있도록 하는 것이 본 수업의 목표이다.    수강생들은 본 교과목을 수강한 후 다음의 역량을 함양할 수 있을 것으로 기대된다.   1. ERICA-PBL(문제해결학습)의 교수-학습방법을 이해하고 수업의 구성 및 진행 방식, 학습자의 역할 등을 구체적으로 설명할 수 있다.   2. 소그룹 학습공동체(팀)의 의미를 이해하고 학습공동체의 활동에 적극적으로 참여할 수 있다.   3. 전공과 현장의 특성이 반영된 비구조화된 문제를 해결하기 위해 자기주도적으로 학습을 계획하고 수행할 수 있다.",
"본 교과목은 1학년 공통기초필수 교과목으로서 신입생이 대학생활에의 적응과 전공에 대한 이해를 바탕으로 진로 비전을 설계할 수 있도록 하는 것을 목표로 한다. 신입생은 전공교수, 학습자 소그룹(10명 내외) 등과의 긴밀한 소통을 통해 전공에 대한 이해를 높일 수 있고, 전공 분야의 현장에서 요구되는 역량을 갖추기 위한 학습-진로의 비전을 설계할 수 있다. 또한 대학생활에의 적응과 전공의 이해를 위한 기초 강의 그리고 학습자 중심의 교수-학습방법인 PBL(문제해결학습) 등을 바탕으로 협동 학습에 필요한 역량, 문제해결능력 등을 함양하고 사회적 스킬을 배워 나갈 수 있다.        신입생이 자기이해와 함께 교수자-학습자, 학습자-학습자, 학습자-학습환경 간 소통과 이해를 통해 대학생활에 원활히 적응하고 능동적으로 학습하며 전공과 관련된 진로의 비전을 설계할 수 있도록 하는 것이 본 수업의 목표이다.    수강생들은 본 교과목을 수강한 후 다음의 역량을 함양할 수 있을 것으로 기대된다.   1. ERICA-PBL(문제해결학습)의 교수-학습방법을 이해하고 수업의 구성 및 진행 방식, 학습자의 역할 등을 구체적으로 설명할 수 있다.   2. 소그룹 학습공동체(팀)의 의미를 이해하고 학습공동체의 활동에 적극적으로 참여할 수 있다.   3. 전공과 현장의 특성이 반영된 비구조화된 문제를 해결하기 위해 자기주도적으로 학습을 계획하고 수행할 수 있다.    본 교과목은 2021-1학기 COVID19 사회적 거리두기 1~2단계 기준에 따라 온라인 녹화강의 혹은 실시간 화상강의 병행 교과목으로 아래와 같이 운영됩니다.   - 수업 - 녹화 동영상 강의 : 매주 설정된 기간에 따라 수강   - 수업 - 실시간 화상강의 : 매주 수강생 전체와 조율한 시간에 따라 진행  * 코로나19가 종식될 경우 전면 대면 수업으로 전환될 수 있는 등 코로나19 에 따른 사회적 거리두기 단계에 따라 수업 운영 방식의 변경 가능성이 있습니다.",
"본 교과목은 1학년 공통기초필수 교과목으로서 신입생이 대학생활에의 적응과 전공에 대한 이해를 바탕으로 진로 비전을 설계할 수 있도록 하는 것을 목표로 한다. 신입생은 전공교수, 학습자 소그룹(10명 내외) 등과의 긴밀한 소통을 통해 전공에 대한 이해를 높일 수 있고, 전공 분야의 현장에서 요구되는 역량을 갖추기 위한 학습-진로의 비전을 설계할 수 있다. 또한 대학생활에의 적응과 전공의 이해를 위한 기초 강의 그리고 학습자 중심의 교수-학습방법인 PBL(문제해결학습) 등을 바탕으로 협동 학습에 필요한 역량, 문제해결능력 등을 함양하고 사회적 스킬을 배워 나갈 수 있다.      신입생이 자기이해와 함께 교수자-학습자, 학습자-학습자, 학습자-학습환경 간 소통과 이해를 통해 대학생활에 원활히 적응하고 능동적으로 학습하며 전공과 관련된 진로의 비전을 설계할 수 있도록 하는 것이 본 수업의 목표이다.    수강생들은 본 교과목을 수강한 후 다음의 역량을 함양할 수 있을 것으로 기대된다.   1. ERICA-PBL(문제해결학습)의 교수-학습방법을 이해하고 수업의 구성 및 진행 방식, 학습자의 역할 등을 구체적으로 설명할 수 있다.   2. 소그룹 학습공동체(팀)의 의미를 이해하고 학습공동체의 활동에 적극적으로 참여할 수 있다.   3. 전공과 현장의 특성이 반영된 비구조화된 문제를 해결하기 위해 자기주도적으로 학습을 계획하고 수행할 수 있다.",
"학문적 목적의 영어 1: 통합 기술은 학생들의 전공과 특정한 필요와 관련된 영어 능력에 도움이 되도록 조정된다. 이 과정에는 토론, 발표 또는 기타 활동에 의해 지원되는 분야별 및 학업 수준의 독서가 포함됩니다. EAP 1의 목적은 다른 과정과 미래의 직장에서 필요할 읽기 및 말하기 능력을 향상시키는 것이다. 코스 가이드 & 목표 코스를 완료하면 학생들은 1. 영어 읽기 이해력, 2. 영어 말하기와 의사소통 능력을 개발할 수 있습니다.",
"본 교과목은 각 대학 계열과 학과 특성에 맞게 진행되는 전공 학술영어로서 「학술영어2:글쓰기」에 필요한 영어 읽기와 말하기능력을 함양한다. 계열 및 전공 교과와 미래 직업 관련 내용 읽기, 발표, 토론을 통해 읽기 및 말하기능력을 함양하는 통합 교육을 목표로 한다.  학문적 목적의 영어 1: 통합 기술은 학생들의 전공과 특정한 필요와 관련된 영어 능력에 도움이 되도록 조정된다. 이 과정에는 토론, 발표 또는 기타 활동에 의해 지원되는 분야별 및 학업 수준의 독서가 포함됩니다. EAP 1의 목적은 다른 과정과 미래의 직장에서 필요할 읽기 및 말하기 능력을 향상시키는 것이다. 코스 가이드 & 목표 코스를 완료하면 학생들은 1. 영어 읽기 이해력, 2. 영어 말하기와 의사소통 능력을 개발할 수 있습니다.",
"본 교과목은 각 대학 계열과 학과 특성에 맞게 진행되는 전공 학술영어로서 「학술영어2:글쓰기」에 필요한 영어 읽기와 말하기능력을 함양한다. 계열 및 전공 교과와 미래 직업 관련 내용 읽기, 발표, 토론을 통해 읽기 및 말하기능력을 함양하는 통합 교육을 목표로 한다.  English for Academic Purposes 1 is tailored to benefit students’ English abilities related to their major and specific needs. This course involves discipline-specific and academic-level reading and presentation skills and 지식 supported by lecture, in-class participation presenting, or other interesting and wonderful activities.",
"학문적 목적의 영어 1: 통합 기술은 학생들의 전공과 특정한 필요와 관련된 영어 능력에 도움이 되도록 조정된다. 이 과정에는 토론, 발표 또는 기타 활동에 의해 지원되는 분야별 및 학업 수준의 독서가 포함됩니다. EAP 1의 목적은 다른 과정과 미래의 직장에서 필요할 읽기 및 말하기 능력을 향상시키는 것이다. 코스 가이드 & 목표 코스를 완료하면 학생들은 1. 영어 읽기 이해력, 2. 영어 말하기와 의사소통 능력을 개발할 수 있습니다.",
"본 교과목은 각 대학 계열과 학과 특성에 맞게 진행되는 전공 학술영어로서 「학술영어2:글쓰기」에 필요한 영어 읽기와 말하기능력을 함양한다. 계열 및 전공 교과와 미래 직업 관련 내용 읽기, 발표, 토론을 통해 읽기 및 말하기능력을 함양하는 통합 교육을 목표로 한다.  학문적 목적의 영어 1: 통합 기술은 학생들의 전공과 특정한 필요와 관련된 영어 능력에 도움이 되도록 조정된다. 이 과정에는 토론, 발표 또는 기타 활동에 의해 지원되는 분야별 및 학업 수준의 독서가 포함됩니다. EAP 1의 목적은 다른 과정과 미래의 직장에서 필요할 읽기 및 말하기 능력을 향상시키는 것이다. 코스 가이드 & 목표 코스를 완료하면 학생들은 1. 영어 읽기 이해력, 2. 영어 말하기와 의사소통 능력을 개발할 수 있습니다.",
"본 교과목은 각 대학 계열과 학과 특성에 맞게 진행되는 전공 학술영어로서 「학술영어2:글쓰기」에 필요한 영어 읽기와 말하기능력을 함양한다. 계열 및 전공 교과와 미래 직업 관련 내용 읽기, 발표, 토론을 통해 읽기 및 말하기능력을 함양하는 통합 교육을 목표로 한다.  Upon completion of the course, students will be able to  1. develop English reading comprehension skills;  2. develop English speaking & communication skills.",
"본 교과목은 1학년 공통기초필수 교과목으로서 신입생이 대학생활에의 적응과 전공에 대한 이해를 바탕으로 진로 비전을 설계할 수 있도록 하는 것을 목표로 한다. 신입생은 전공교수, 학습자 소그룹(10명 내외) 등과의 긴밀한 소통을 통해 전공에 대한 이해를 높일 수 있고, 전공 분야의 현장에서 요구되는 역량을 갖추기 위한 학습-진로의 비전을 설계할 수 있다. 또한 대학생활에의 적응과 전공의 이해를 위한 기초 강의 그리고 학습자 중심의 교수-학습방법인 PBL(문제해결학습) 등을 바탕으로 협동 학습에 필요한 역량, 문제해결능력 등을 함양하고 사회적 스킬을 배워 나갈 수 있다.    신입생이 자기이해와 함께 교수자-학습자, 학습자-학습자, 학습자-학습환경 간 소통과 이해를 통해 대학생활에 원활히 적응하고 능동적으로 학습하며 전공과 관련된 진로의 비전을 설계할 수 있도록 하는 것이 본 수업의 목표이다.    수강생들은 본 교과목을 수강한 후 다음의 역량을 함양할 수 있을 것으로 기대된다.   1. ERICA-PBL(문제해결학습)의 교수-학습방법을 이해하고 수업의 구성 및 진행 방식, 학습자의 역할 등을 구체적으로 설명할 수 있다.   2. 소그룹 학습공동체(팀)의 의미를 이해하고 학습공동체의 활동에 적극적으로 참여할 수 있다.   3. 전공과 현장의 특성이 반영된 비구조화된 문제를 해결하기 위해 자기주도적으로 학습을 계획하고 수행할 수 있다.",
"본 교과목은 1학년 공통기초필수 교과목으로서 신입생이 대학생활에의 적응과 전공에 대한 이해를 바탕으로 진로 비전을 설계할 수 있도록 하는 것을 목표로 한다. 신입생은 전공교수, 학습자 소그룹(10명 내외) 등과의 긴밀한 소통을 통해 전공에 대한 이해를 높일 수 있고, 전공 분야의 현장에서 요구되는 역량을 갖추기 위한 학습-진로의 비전을 설계할 수 있다. 또한 대학생활에의 적응과 전공의 이해를 위한 기초 강의 그리고 학습자 중심의 교수-학습방법인 PBL(문제해결학습) 등을 바탕으로 협동 학습에 필요한 역량, 문제해결능력 등을 함양하고 사회적 스킬을 배워 나갈 수 있다.    신입생이 자기이해와 함께 교수자-학습자, 학습자-학습자, 학습자-학습환경 간 소통과 이해를 통해 대학생활에 원활히 적응하고 능동적으로 학습하며 전공과 관련된 진로의 비전을 설계할 수 있도록 하는 것이 본 수업의 목표이다.    수강생들은 본 교과목을 수강한 후 다음의 역량을 함양할 수 있을 것으로 기대된다.   1. ERICA-PBL(문제해결학습)의 교수-학습방법을 이해하고 수업의 구성 및 진행 방식, 학습자의 역할 등을 구체적으로 설명할 수 있다.   2. 소그룹 학습공동체(팀)의 의미를 이해하고 학습공동체의 활동에 적극적으로 참여할 수 있다.   3. 전공과 현장의 특성이 반영된 비구조화된 문제를 해결하기 위해 자기주도적으로 학습을 계획하고 수행할 수 있다.",
"본 교과목은 1학년 공통기초필수 교과목으로서 신입생이 대학생활에의 적응과 전공에 대한 이해를 바탕으로 진로 비전을 설계할 수 있도록 하는 것을 목표로 한다. 신입생은 전공교수, 학습자 소그룹(10명 내외) 등과의 긴밀한 소통을 통해 전공에 대한 이해를 높일 수 있고, 전공 분야의 현장에서 요구되는 역량을 갖추기 위한 학습-진로의 비전을 설계할 수 있다. 또한 대학생활에의 적응과 전공의 이해를 위한 기초 강의 그리고 학습자 중심의 교수-학습방법인 PBL(문제해결학습) 등을 바탕으로 협동 학습에 필요한 역량, 문제해결능력 등을 함양하고 사회적 스킬을 배워 나갈 수 있다.     신입생이 자기이해와 함께 교수자-학습자, 학습자-학습자, 학습자-학습환경 간 소통과 이해를 통해 대학생활에 원활히 적응하고 능동적으로 학습하며 전공과 관련된 진로의 비전을 설계할 수 있도록 하는 것이 본 수업의 목표이다.    수강생들은 본 교과목을 수강한 후 다음의 역량을 함양할 수 있을 것으로 기대된다.   1. ERICA-PBL(문제해결학습)의 교수-학습방법을 이해하고 수업의 구성 및 진행 방식, 학습자의 역할 등을 구체적으로 설명할 수 있다.   2. 소그룹 학습공동체(팀)의 의미를 이해하고 학습공동체의 활동에 적극적으로 참여할 수 있다.   3. 전공과 현장의 특성이 반영된 비구조화된 문제를 해결하기 위해 자기주도적으로 학습을 계획하고 수행할 수 있다.",
"본 교과목은 1학년 공통기초필수 교과목으로서 신입생이 대학생활에의 적응과 전공에 대한 이해를 바탕으로 진로 비전을 설계할 수 있도록 하는 것을 목표로 한다. 신입생은 전공교수, 학습자 소그룹(10명 내외) 등과의 긴밀한 소통을 통해 전공에 대한 이해를 높일 수 있고, 전공 분야의 현장에서 요구되는 역량을 갖추기 위한 학습-진로의 비전을 설계할 수 있다. 또한 대학생활에의 적응과 전공의 이해를 위한 기초 강의 그리고 학습자 중심의 교수-학습방법인 PBL(문제해결학습) 등을 바탕으로 협동 학습에 필요한 역량, 문제해결능력 등을 함양하고 사회적 스킬을 배워 나갈 수 있다.        신입생이 자기이해와 함께 교수자-학습자, 학습자-학습자, 학습자-학습환경 간 소통과 이해를 통해 대학생활에 원활히 적응하고 능동적으로 학습하며 전공과 관련된 진로의 비전을 설계할 수 있도록 하는 것이 본 수업의 목표이다.    수강생들은 본 교과목을 수강한 후 다음의 역량을 함양할 수 있을 것으로 기대된다.   1. ERICA-PBL(문제해결학습)의 교수-학습방법을 이해하고 수업의 구성 및 진행 방식, 학습자의 역할 등을 구체적으로 설명할 수 있다.   2. 소그룹 학습공동체(팀)의 의미를 이해하고 학습공동체의 활동에 적극적으로 참여할 수 있다.   3. 전공과 현장의 특성이 반영된 비구조화된 문제를 해결하기 위해 자기주도적으로 학습을 계획하고 수행할 수 있다.",
"본 교과목은 1학년 공통기초필수 교과목으로서 신입생이 대학생활에의 적응과 전공에 대한 이해를 바탕으로 진로 비전을 설계할 수 있도록 하는 것을 목표로 한다. 신입생은 전공교수, 학습자 소그룹(10명 내외) 등과의 긴밀한 소통을 통해 전공에 대한 이해를 높일 수 있고, 전공 분야의 현장에서 요구되는 역량을 갖추기 위한 학습-진로의 비전을 설계할 수 있다. 또한 대학생활에의 적응과 전공의 이해를 위한 기초 강의 그리고 학습자 중심의 교수-학습방법인 PBL(문제해결학습) 등을 바탕으로 협동 학습에 필요한 역량, 문제해결능력 등을 함양하고 사회적 스킬을 배워 나갈 수 있다.    신입생이 자기이해와 함께 교수자-학습자, 학습자-학습자, 학습자-학습환경 간 소통과 이해를 통해 대학생활에 원활히 적응하고 능동적으로 학습하며 전공과 관련된 진로의 비전을 설계할 수 있도록 하는 것이 본 수업의 목표이다.    수강생들은 본 교과목을 수강한 후 다음의 역량을 함양할 수 있을 것으로 기대된다.   1. ERICA-PBL(문제해결학습)의 교수-학습방법을 이해하고 수업의 구성 및 진행 방식, 학습자의 역할 등을 구체적으로 설명할 수 있다.   2. 소그룹 학습공동체(팀)의 의미를 이해하고 학습공동체의 활동에 적극적으로 참여할 수 있다.   3. 전공과 현장의 특성이 반영된 비구조화된 문제를 해결하기 위해 자기주도적으로 학습을 계획하고 수행할 수 있다.",
"본 교과목은 1학년 공통기초필수 교과목으로서 신입생이 대학생활에의 적응과 전공에 대한 이해를 바탕으로 진로 비전을 설계할 수 있도록 하는 것을 목표로 한다. 신입생은 전공교수, 학습자 소그룹(10명 내외) 등과의 긴밀한 소통을 통해 전공에 대한 이해를 높일 수 있고, 전공 분야의 현장에서 요구되는 역량을 갖추기 위한 학습-진로의 비전을 설계할 수 있다. 또한 대학생활에의 적응과 전공의 이해를 위한 기초 강의 그리고 학습자 중심의 교수-학습방법인 IC-PBL(문제해결학습)(Industry-Coupled Problem Based Learning) 등을 바탕으로 협동 학습에 필요한 역량, 문제해결능력 등을 함양하고 사회적 스킬을 배워 나갈 수 있다.  신입생이 자기이해와 함께 교수자-학습자, 학습자-학습자, 학습자-학습환경 간 소통과 이해를 통해 대학생활에 원활히 적응하고 능동적으로 학습하며 전공과 관련된 진로의 비전을 설계할 수 있도록 하는 것이 본 수업의 목표이다.",
"본 교과목은 1학년 공통기초필수 교과목으로서 신입생이 대학생활에의 적응과 전공에 대한 이해를 바탕으로 진로 비전을 설계할 수 있도록 하는 것을 목표로 한다. 신입생은 전공교수, 학습자 소그룹(10명 내외) 등과의 긴밀한 소통을 통해 전공에 대한 이해를 높일 수 있고, 전공 분야의 현장에서 요구되는 역량을 갖추기 위한 학습-진로의 비전을 설계할 수 있다. 또한 대학생활에의 적응과 전공의 이해를 위한 기초 강의 그리고 학습자 중심의 교수-학습방법인 PBL(문제해결학습) 등을 바탕으로 협동 학습에 필요한 역량, 문제해결능력 등을 함양하고 사회적 스킬을 배워 나갈 수 있다.  신입생이 자기이해와 함께 교수자-학습자, 학습자-학습자, 학습자-학습환경 간 소통과 이해를 통해 대학생활에 원활히 적응하고 능동적으로 학습하며 전공과 관련된 진로의 비전을 설계할 수 있도록 하는 것이 본 수업의 목표이다.    수강생들은 본 교과목을 수강한 후 다음의 역량을 함양할 수 있을 것으로 기대된다.   1. ERICA-PBL(문제해결학습)의 교수-학습방법을 이해하고 수업의 구성 및 진행 방식, 학습자의 역할 등을 구체적으로 설명할 수 있다.   2. 소그룹 학습공동체(팀)의 의미를 이해하고 학습공동체의 활동에 적극적으로 참여할 수 있다.   3. 전공과 현장의 특성이 반영된 비구조화된 문제를 해결하기 위해 자기주도적으로 학습을 계획하고 수행할 수 있다.",
"본 교과목은 1학년 공통기초필수 교과목으로서 신입생이 대학생활에의 적응과 전공에 대한 이해를 바탕으로 진로 비전을 설계할 수 있도록 하는 것을 목표로 한다. 신입생은 전공교수, 학습자 소그룹(10명 내외) 등과의 긴밀한 소통을 통해 전공에 대한 이해를 높일 수 있고, 전공 분야의 현장에서 요구되는 역량을 갖추기 위한 학습-진로의 비전을 설계할 수 있다. 또한 대학생활에의 적응과 전공의 이해를 위한 기초 강의 그리고 학습자 중심의 교수-학습방법인 IC-PBL(문제해결학습)(Industry-Coupled Problem Based Learning) 등을 바탕으로 협동 학습에 필요한 역량, 문제해결능력 등을 함양하고 사회적 스킬을 배워 나갈 수 있다.    신입생이 자기이해와 함께 교수자-학습자, 학습자-학습자, 학습자-학습환경 간 소통과 이해를 통해 대학생활에 원활히 적응하고 능동적으로 학습하며 전공과 관련된 진로의 비전을 설계할 수 있도록 하는 것이 본 수업의 목표이다.    수강생들은 본 교과목을 수강한 후 다음의 역량을 함양할 수 있을 것으로 기대된다.   1. ERICA IC-PBL(문제해결학습)의 교수-학습방법을 이해하고 수업의 구성 및 진행 방식, 학습자의 역할 등을 구체적으로 설명할 수 있다.   2. 소그룹 학습공동체(팀)의 의미를 이해하고 학습공동체의 활동에 적극적으로 참여할 수 있다.   3. 전공과 현장의 특성이 반영된 비구조화된 문제를 해결하기 위해 자기주도적으로 학습을 계획하고 수행할 수 있다.",
"본 교과는 확률이론을 중심으로 확률의공리를 이해하고, 확률에 관련된 분포의 변화를 익힌다  -. 확률의 개념을 이해하고, 확률의공리를 적용할 수 있다.  -. 문제에 대한 확률 개념을 적용하고, 문제를 해결할 수 있다.  ",
수업목표 및 안내 본 과목은 선형대수의 기본 개념과 그 응용을 강의한다.   선형대수는 전산학 전반에 중요한   기초학문으로서 이를 숙지하여 전산학에 응용한다  ,
"목표는 대학생들에게 계산 이론의 기본 개념을 소개하고 추가 연구에 대한 관심을 유발하는 것이다. 모델에 의존하는 효과는 체계적으로 무시되었다. 구체적인 계산 문제는 일반적인 원칙의 예시로만 간주된다. 나는 (1) 계산을 위한 적절한 모델의 발견과 (2) 일반적으로 계산의 본질적인 특성에 대한 검토라는 두 가지 주요 주제에 대해 우려해 왔다. 튜링 기계는 프로그램과 동일하기 때문에, 그들은 계산을 위한 적절한 모델을 형성한다. 그러나 어떤 의미에서 그들은 너무 많은 계산 능력을 가지고 있었다. 이것 때문에 우리는 그것들과 일반적인 계산에 대해 질문하려 할 때 큰 어려움에 직면할 수 있습니다. 우리가 사소한 것을 알고 싶을 때마다, 풀 수 없는 것이 튀어나왔다. 해결가능하거나 재귀적인 영역에서도 우리는 난치성을 발견했습니다. 이 과정에서는 오토마타, 계산성 및 복잡성의 세 가지 계산 이론 영역을 다루려고 한다. 오토마타 이론은 컴파일러 과정과 알고리즘 과정의 설계 및 분석을 위한 복잡도 이론의 필수적인 기초가 될 것이지만, 이 과정에서는 계산성이 진짜가 될 것이다. 이 세 영역 모두 서로 얽혀 있어 컴퓨터가 하는 계산입니다.  1. 계산이론의 이해  2. 계산 모형 및 형식언어의 이해  3. 계산가능성 및 복잡성 이론의 이해  Alan Turing이 증명한 멈춤문제는 결정불가능한 명제를 증명하는 과정에서 계산이란 무엇이며 그러한 계산과정을 수행하기 위한 컴퓨터 모델의 추상적 구조에 대해 학습한다. 형식언어에 대한 20세기 최고의 언어학자인 Noam Chomsky의 4가지 종류의 언어로 구성된 언어계층을 공부하며 이러한 형식언어이론이 현대 프로그래밍언어의 컴파일러 구성 방법에 어떻게 적용되는지 학습한다.",
"자료구조에 대한 지식은 성공적인 소프트웨어의 개발의 가장 중요한 인자중의 하나이다. 본 강좌에서는 다양한 자료구조(Arrays, Stacks, Queues, Linked Lists, Trees, Graphs)와 정렬과 탐색에 사용되는 기초적인 알고리즘을 다루고, 해당 자료구조와 관련된 다양한 예제를 제공한다. 자료구조와 알고리즘의 구체적인 구현을 위하여 객체지향형언어에 관한 기본적인 내용들을 다룬다. 객체지향형언어의 내용으로 구조체, 클래스등의 기본개념을 익히고, 객체지향형언어의 핵심 개념인 Inheritance, Template, Virtual Function을 다룬다. 강의에서 다룬 내용들을 실제로 구현해 봄으로써, 자료구조의 내용을 실용적으로 전달한다.  1. 실세계 자료를 컴퓨터 내부에 표현하는 방법론  2. 문제해결을 위한 스택, 큐, 리스트 등의 자료구조 표현방법 습득  3. 트리와 그래프 등의 응용 자료구조 표현방법 습득  4. 자료구조를 이용한 탐색과 정렬 등의 알고리즘에 대한 기초지식 습득  5. Java 프로그래밍언어를 사용하여 실제 자료구조 구현방법을 학습  6. 자료구조와 알고리즘을 이용하여 복잡한 문제해결 방법 터득  자료구조에 대한 지식은 성공적인 소프트웨어의 개발의 가장 중요한 인자중의 하나이다. 본 강좌에서는 다양한 자료구조(Arrays, Stacks, Queues, Linked Lists, Trees, Graphs)와 정렬과 탐색에 사용되는 기초적인 알고리즘을 다루고, 해당 자료구조와 관련된 다양한 예제를 제공한다. 자료구조와 알고리즘의 구체적인 구현을 위하여 객체지향형언어에 관한 기본적인 내용들을 다룬다. 객체지향형언어의 내용으로 구조체, 클래스등의 기본개념을 익히고, 객체지향형언어의 핵심 개념인 Inheritance, Template, Virtual Function을 다룬다. 강의에서 다룬 내용들을 실제로 구현해 봄으로써, 자료구조의 내용을 실용적으로 전달한다.  1. 실세계 자료를 컴퓨터 내부에 표현하는 방법론  2. 문제해결을 위한 스택, 큐, 리스트 등의 자료구조 표현방법 습득  3. 트리와 그래프 등의 응용 자료구조 표현방법 습득  4. 자료구조를 이용한 탐색과 정렬 등의 알고리즘에 대한 기초지식 습득  5. Java 프로그래밍언어를 사용하여 실제 자료구조 구현방법을 학습  6. 자료구조와 알고리즘을 이용하여 복잡한 문제해결 방법 터득",
"자료구조에 대한 지식은 성공적인 소프트웨어의 개발의 가장 중요한 인자중의 하나이다. 본 강좌에서는 다양한 자료구조(Arrays, Stacks, Queues, Linked Lists, Trees, Graphs)와 정렬과 탐색에 사용되는 기초적인 알고리즘을 다루고, 해당 자료구조와 관련된 다양한 예제를 제공한다. 자료구조와 알고리즘의 구체적인 구현을 위하여 객체지향형언어에 관한 기본적인 내용들을 다룬다. 객체지향형언어의 내용으로 구조체, 클래스등의 기본개념을 익히고, 객체지향형언어의 핵심 개념인 Inheritance, Template, Virtual Function을 다룬다. 강의에서 다룬 내용들을 실제로 구현해 봄으로써, 자료구조의 내용을 실용적으로 전달한다.  1. 실세계 자료를 컴퓨터 내부에 표현하는 방법론  2. 문제해결을 위한 스택, 큐, 리스트 등의 자료구조 표현방법 습득  3. 트리와 그래프 등의 응용 자료구조 표현방법 습득  4. 자료구조를 이용한 탐색과 정렬 등의 알고리즘에 대한 기초지식 습득  5. Java 프로그래밍언어를 사용하여 실제 자료구조 구현방법을 학습  6. 자료구조와 알고리즘을 이용하여 복잡한 문제해결 방법 터득  자료구조에 대한 지식은 성공적인 소프트웨어의 개발의 가장 중요한 인자중의 하나이다. 본 강좌에서는 다양한 자료구조(Arrays, Stacks, Queues, Linked Lists, Trees, Graphs)와 정렬과 탐색에 사용되는 기초적인 알고리즘을 다루고, 해당 자료구조와 관련된 다양한 예제를 제공한다. 자료구조와 알고리즘의 구체적인 구현을 위하여 객체지향형언어에 관한 기본적인 내용들을 다룬다. 객체지향형언어의 내용으로 구조체, 클래스등의 기본개념을 익히고, 객체지향형언어의 핵심 개념인 Inheritance, Template, Virtual Function을 다룬다. 강의에서 다룬 내용들을 실제로 구현해 봄으로써, 자료구조의 내용을 실용적으로 전달한다.  1. 실세계 자료를 컴퓨터 내부에 표현하는 방법론  2. 문제해결을 위한 스택, 큐, 리스트 등의 자료구조 표현방법 습득  3. 트리와 그래프 등의 응용 자료구조 표현방법 습득  4. 자료구조를 이용한 탐색과 정렬 등의 알고리즘에 대한 기초지식 습득  5. Java 프로그래밍언어를 사용하여 실제 자료구조 구현방법을 학습  6. 자료구조와 알고리즘을 이용하여 복잡한 문제해결 방법 터득",
"*** 사전에 담당교수와의 면담을 통해 수강을 허락 받은 경우에만 수강 가능 ***      수강생은 빅데이터마이닝 연구실의 연구활동에 참여해 볼 수 있는 기회를 얻을 수 있습니다. 빅데이터마이닝 연구실은 실용적 어플리케이션 연구에 초점을 맞추어 Twitter, Facebook, IMDB, Yelp 등 다양한 소셜미디어에서 수집되는 대규모 다형성(heterogeneous) 데이터를 연구합니다. 예를 들어, 트위터의 그래프 형태의 소셜 네트워크 관계와 텍스트 형태의 메시지(micro-blogging), GPS 위치정보 등 서로 성질이 다른 다양한 데이터 형태로부터 클러스터링, 패턴마이닝, 추천시스템 등을 개발합니다. 현재는 인간행동(human behavior)의 패턴을 분석하여 트위터의 텍스트와 GPS 위치정보를 통해 여행자의 경로 패턴을 찾거나 Q&A서비스의 데이터 분석을 통해 분야별 전문가 찾기와 같은 연구를 수행하고 있습니다. 연구에 활용되는 기반 기술로서 MapReduce를 이용한 병렬컴퓨팅, 데이터마이닝 기법, 데이터 베이스, 자연어처리, 머신러닝과 딥러닝 등을 폭 넓게 학습합니다.   아래 주제중에 선택하여 연구활동에 참여합니다.  * 딥러닝을 이용한 추천시스템 연구  * 소셜 네트워크의 정보 전달 패턴 연구  * 빅 이미지 데이터 검색을 위한 딥러닝 네트워크 색인  * IoT기기로 부터 수집되는 스트리밍데이터를 이용한 기계학습    물론 이 밖의 어떤 주제든 연구 가능합니다.",
"본 과목의 목적은 학부생들에게 대학원에서의 연구주제와 연구활동을 미리 체험하게 함으로써 연구역량을 높이고 진로설정에 도움을 주기 위함이다.   강의에서는 학생들에게 주별로 조교와 함께 실제 연구에 참여하며 관련 지식을 습득한다. 주별 연구 실습 별로 보고서를 작성 제출하도록 하며, 아를 바탕으로 수업의 성취도를 평가한다.",
"프로그래밍언어와 시스템 관련 이론과 실제를 탐구한다. 프로그램의 효율성, 유지관리성, 확장성, 보안성을 높이기 위한 프로그래밍 기법과 이를 유도해줄 수 있는 도구 제작의 근본이 되는 다양한 프로그램 분석 기법을 공부하고, 이를 실제 문제를 해결하면서 익힌다.  수업 목표는 다양한 패러다임의 프로그래밍언어와 시스템을 이해하고, 안전과 보안을 보장해주는 견고한 프로그램의 본질을 파악하고, 이를 통하여 견고한 프로그램 제작을 유도할 수 있는 도구를 설계 구현할 수 있는 능력을 배양한다.",
인공지능컴퓨터구조 이해 및 설계  1. Google의 TPU기반 AI프로세서 구조 이해  2. 엔비디아의 GPU기반 AI프로세서 구조 이해  3. Open source AI processor 설계 및 시뮬레이션 진행,
"교수 연구실(Lab)에서 진행되는 연구에 학부생이 참여하여, 대학원에서의 연구 주제와 연구활동을 미리 체험하게 함으로써 연구역량을 높이고 진로설정에 도움을 주고자 함.  대학원에서의 연구 주제와 연구활동을 미리 체험함으로써 연구역량을 높이고 진로설정에 도움을 줌.",
"본 교과목은 학부생들이 인텔리전트머신 연구실에서 진행되는 연구를 미리 체험하게 함으로써 전공 관련  고급 지식을 습득하고 연구역량을 높이며 진로설정에 도움을 주기 위함이다.   인텔리전트머신연구실에서는 기계학습에 관한 최신 토픽에 대해 연구한다. 본 교과목을 통해서 기계학습, 강화학습에 관한 다양한 연구분야에 대한 지식을 습득한다.",
- 대학원 데이터베이스 연구실에서 수행하고 있는 연구주제에 대한 이해와 대학원 생활 및 비전에 대한 이해를 높이기 위한 교과목  - 대학원 생활에 대한 이해  - 대학원 졸업 후의 진로와 취업에 대한 이해  - 데이터베이스 연구실에서 수행하는 연구주제에 대한 이해,
"교수와 사전 면담 후 선발된 학생들을 대상으로 운영. 필요에 따라 연구, 프로젝트 참여 등 다양한 방법으로 운영됨.  연구실 프로젝트 또는 개별연구를 통해서 학생들에게 직접 그리고 간접적인 연구 기회를 부여하고, 이를 통해서 궁극적으로는 학생들의 연구 능력을 향상시키는 것을 목표로 함.    **수행하는 프로젝트에 따라서 한학기동안 학습/연구할 내용이 다름**  **반드시 면담 후 신청할 것**",
"프로그램 분석 및 합성에 관한 기존 연구 문헌조사 및 개별연구 수행.  - 프로그램 분석: 프로그램이 실행 중 나타낼 수 있는 다양한 성질들을 (반)자동으로 파악하는 기술. 소프트웨어 오류탐지 및 안전성 증명, 프로그램 최적화 등에 사용된다.  - 프로그램 합성: 고수준 언어로 쓰여진 요구조건 (high-level specification)으로부터 자동으로 그것을 만족하는 프로그램을 만들어내는 기술.   -연구 결과 커뮤니케이션 능력함양  -독자적 연구능력 함양  -프로그래밍언어 분야 최신 연구 트렌드 습득",
본 강의는 학부생들에게 대학원에서의 연구 주제 및 활동을 미리 체험하게 함으로써 연구 역량을 높이고 진로설정에 도움을 주기 위한 교과목이다.  - 본 강의에서는 블록체인을 주요 연구 주제로 한다.   - 본 강의를 통해 블록체인 관련 기본 기술 및 관련 서비스 동향 등을 학습함을 목표로 한다.  - 수강생들은 연구 주제 관련 깊이 있는 내용을 학습한다.  - 수강생들은 대학원 연구 과제에 참여하여 실제 연구 활동을 경험한다.  - 수강생들은 주별 혹은 월별 보고서를 작성 제출토록하며 제출된 보고서를 바탕으로 성취도를 평가한다.,
"본 교과목은 학부생들이 소프트웨어공학 연구실에서 진행되는 연구를 미리 체험하게 함으로써 전공 관련  고급 지식을 습득하고 연구역량을 높이며 진로설정에 도움을 주기 위함이다.   현재 소프트웨어공학 연구실에서는 소프트웨어를 개발, 분석, 평가, 유지보수에 관련된 다양한 최신 기술은 물론 기 개발한 소프트웨어의 품질을 관리하고 보장하는 다양한 기법애 대한 연구를 진행하고 있다.     * 본 교과목 수강 신청 이전 담당 교강사와 사전 면담은 필수이다.  본 과목에서는 고품질의 소프트웨어를 성공적으로 개발하고 기 개발한 소프트웨어의 품질을 조사, 분석, 관리 및 개선하는 최신 지식, 기술, 실무적 노하우를 습득하는 것을 목표로 한다.   위 목표의 효과적인 달성을 위하여 수강생들은 대학원생들과 함께  소프트웨어공학 연구실에서 현재 진행 중인 실제 연구에 참여하며 교수 및 박사과정 대학원생의 지도를 받아 스스로 연구 주제를 도출하고 필요 연구를 진행한다. 또한, 충분한 연구 결과물이 도출 될 경우 이를 국내/국제 학술대회 논문으로 발표하거나 특허로 출원할 수 있다.     * 본 교과목은 실제 소프트웨어공학 연구실 인턴 및 예비 인턴만을 대상으로 한다. ",
본 강의에서는 인터넷 내부의 동작을 이해하는데 초점을 둔다. 인터넷의 기본이 되는 다양한 컴퓨터네트워크프로토콜을 응용계층으로부터 시작하여 링크계층까지 Top-down방식으로 소개한다. 이를 바탕으로 인터넷의 프로토콜을 실제 구현하기 위한 socket프로그램을 작성한다.  다양한 컴퓨터네트워크프로토콜을 응용계층으로부터 시작하여 네트워크계층으로 Top-down방식으로 배우고 이를 바탕으로 차세대인터넷프로토콜 및 멀티미디어통신프로토콜을 배운다. 또한 socket프로그램을 작성함으로써 강의에서 익힌 프로토콜이 실제 어떻게 동작하는가를 살펴본다.,
"컴퓨터공학 전공자가 프로그램 작성에 필요한 컴퓨터 언어와 소프트웨어 도구를 최적으로 사용하기 위해서는 컴퓨터구조를 잘 이해하여야 한다. 컴퓨터구조라 함은 명령어 세트, 레지스터와 기능블록으로 구성된 내부구조, 및 메모리와 버스로 구성된 시스템구조를 포괄적으로 포함한다. 본 과목을 통하여 컴퓨터를 구성하는 CPU, 메모리, 입출력장치, 제어부 등에 대하여 상세히 살펴본다. 처리속도, 메모리크기, 버스구조, 코아의 개수, 전력소모 등 컴퓨터구조의 성능을 평가하는 다양한 척도에 대하여 살펴본다.    - 명령어 세트 레지스터 기능블럭 등 내부구조 이해  - 메모리구조 이해 (Cache, main memory, 보조 기억장치)  - 컴퓨터 Input output 장치 이해  - 컴퓨터 제어부, 버스, 파이프라인 구조 이해  - 컴퓨터성능 분석  ",
"*** 사전에 담당교수와의 면담을 통해 수강을 하락 받은 경우에만 수강 가능 ***    수강생은 빅데이터마이닝 연구실의 연구활동에 참여해 볼 수 있는 기회를 얻을 수 있습니다. 빅데이터마이닝 연구실은 실용적 어플리케이션 연구에 초점을 맞추어 Twitter, Facebook, IMDB, Yelp 등 다양한 소셜미디어에서 수집되는 대규모 다형성(heterogeneous) 데이터를 연구합니다. 예를 들어, 트위터의 그래프 형태의 소셜 네트워크 관계와 텍스트 형태의 메시지(micro-blogging), GPS 위치정보 등 서로 성질이 다른 다양한 데이터 형태로부터 클러스터링, 패턴마이닝, 추천시스템 등을 개발합니다. 현재는 인간행동(human behavior)의 패턴을 분석하여 트위터의 텍스트와 GPS 위치정보를 통해 여행자의 경로 패턴을 찾거나 Q&A서비스의 데이터 분석을 통해 분야별 전문가 찾기와 같은 연구를 수행하고 있습니다.     연구에 활용되는 기반 기술로서 MapReduce를 이용한 병렬컴퓨팅, 데이터마이닝 기법, 데이터 베이스, 자연어처리, 머신러닝과 딥러닝 등을 폭 넓게 학습합니다.     또한 상급생튜터 활동 (장학금 지급)과 연계할 수 있으며 연구활동 참여 결과물을 발표/출판할 경우 학회참가 기회를 얻을 수 있습니다.  아래 주제중에 선택하여 연구활동에 참여합니다.  * 딥러닝을 이용한 추천시스템 연구  * 소셜 네트워크의 정보 전달 패턴 연구  * 빅 이미지 데이터 검색을 위한 딥러닝 네트워크 색인  * IoT기기로 부터 수집되는 스트리밍데이터를 이용한 기계학습    물론 이 밖의 어떤 주제든 연구 가능합니다.",
"교수 연구실(Lab)에서 진행되는 연구에 학부생이 참여하여, 대학원에서의 연구 주제와 연구활동을 미리 체험하게 함으로써 연구역량을 높이고 진로설정에 도움을 주고자 함  본 강의에서는 학생들에게 주별로 조교와 함께 실제 연구에 참여하며 관련 지식을 습득한다. 주별 연구 실습 별로 보고서를 작성 제출하도록 하며, 아를 바탕으로 수업의 성취도를 평가한다.  ",
"프로그래밍언어와 시스템 관련 이론과 실제를 탐구한다. 프로그램의 효율성, 유지관리성, 확장성, 보안성을 높이기 위한 프로그래밍 기법과 이를 유도해줄 수 있는 도구 제작의 근본이 되는 다양한 프로그램 분석 기법을 공부하고, 이를 실제 문제를 해결하면서 익힌다.   수업 목표는 다양한 패러다임의 프로그래밍언어와 시스템을 이해하고, 안전과 보안을 보장해주는 견고한 프로그램의 본질을 파악하고, 이를 통하여 견고한 프로그램 제작을 유도할 수 있는 도구를 설계 구현할 수 있는 능력을 배양한다.  ",
AI 컴퓨터 이해 및 AI 칩 설계 및 시뮬레이션  1. Google의 TPU기반 AI프로세서 구조 이해  2. 엔비디아의 GPU기반 AI프로세서 구조 이해  3. Open source AI processor 설계 및 시뮬레이션 진행,
"본 교과목은 학부생들이 인텔리전트머신 연구실에서 진행되는 연구를 미리 체험하게 함으로써 전공 관련  고급 지식을 습득하고 연구역량을 높이며 진로설정에 도움을 주기 위함이다.     인공지능, 기계학습 및 강화학습에 대한 이해.",
"교수 연구실(Lab)에서 진행되는 연구에 학부생이 참여하여, 대학원에서의 연구 주제와 연구활동을 미리 체험하게 함으로써 연구역량을 높이고 진로설정에 도움을 주고자 함.  대학원에서의 연구 주제와 연구활동을 미리 체험함으로써 연구역량을 높이고 진로설정에 도움을 줌.  ",
"교수와 사전 면담 후 선발된 학생들을 대상으로 운영. 필요에 따라 연구, 프로젝트 참여 등 다양한 방법으로 운영됨.  연구실 프로젝트 또는 개별연구를 통해서 학생들에게 직접 그리고 간접적인 연구 기회를 부여하고, 이를 통해서 궁극적으로는 학생들의 연구 능력을 향상시키는 것을 목표로 함.    **수행하는 프로젝트에 따라서 한학기동안 학습/연구할 내용이 다름**  **반드시 면담 후 신청할 것**",
"프로그램 분석 및 합성에 관한 기존 연구 문헌조사 및 개별연구 수행.  - 프로그램 분석: 프로그램이 실행 중 나타낼 수 있는 다양한 성질들을 (반)자동으로 파악하는 기술. 소프트웨어 오류탐지 및 안전성 증명, 프로그램 최적화 등에 사용된다.  - 프로그램 합성: 고수준 언어로 쓰여진 요구조건 (high-level specification)으로부터 자동으로 그것을 만족하는 프로그램을 만들어내는 기술.   -연구 결과 커뮤니케이션 능력함양  -독자적 연구능력 함양  -프로그래밍언어 분야 최신 연구 트렌드 습득",
본 강의는 학부생들에게 대학원에서의 연구 주제 및 활동을 미리 체험하게 함으로써 연구 역량을 높이고 진로설정에 도움을 주기 위한 교과목이다.  - 본 강의에서는 블록체인을 주요 연구 주제로 한다.   - 본 강의를 통해 블록체인 관련 기본 기술 및 관련 서비스 동향 등을 학습함을 목표로 한다.  - 수강생들은 연구 주제 관련 깊이 있는 내용을 학습한다.  - 수강생들은 대학원 연구 과제에 참여하여 실제 연구 활동을 경험한다.  - 수강생들은 주별 혹은 월별 보고서를 작성 제출토록하며 제출된 보고서를 바탕으로 성취도를 평가한다.,
"본 교과목은 학부생들이 소프트웨어공학 연구실에서 진행되는 연구를 미리 체험하게 함으로써 전공 관련  고급 지식을 습득하고 연구역량을 높이며 진로설정에 도움을 주기 위함이다.   현재 소프트웨어공학 연구실에서는 소프트웨어를 개발, 분석, 평가, 유지보수에 관련된 다양한 최신 기술은 물론 기 개발한 소프트웨어의 품질을 관리하고 보장하는 다양한 기법애 대한 연구를 진행하고 있다.     * 본 교과목 수강 신청 이전 담당 교강사와 사전 면담은 필수이다.  본 과목에서는 고품질의 소프트웨어를 성공적으로 개발하고 기 개발한 소프트웨어의 품질을 조사, 분석, 관리 및 개선하는 최신 지식, 기술, 실무적 노하우를 습득하여 새로운 기법/기술을 연구하는 것을 목표로 한다.   위 목표의 효과적인 달성을 위하여 수강생들은 대학원생들과 함께  소프트웨어공학 연구실에서 현재 진행 중인 실제 연구에 참여하며 교수 및 박사과정 대학원생의 지도를 받아 스스로 연구 주제를 도출하고 필요 연구를 진행한다. 또한, 충분한 연구 결과물이 도출 될 경우 이를 국내/국제 학술대회 논문으로 발표하거나 특허로 출원할 수 있다.     * 본 교과목은 실제 소프트웨어공학 연구실 인턴 및 예비 인턴만을 대상으로 한다. ",
- 대학원 데이터베이스 연구실에서 수행하고 있는 연구주제에 대한 이해와 대학원 생활 및 비전에 대한 이해를 높이기 위한 교과목  - 대학원 생활에 대한 이해  - 대학원 졸업 후의 진로와 취업에 대한 이해  - 데이터베이스 연구실에서 수행하는 연구주제에 대한 이해  ,
"*** 폐강 ***    본 과목은 3학년 2학기와 4학년 1학기 1년간 팀프로젝트를 수행하며 소프트웨어를 구상하고 이를 구현, 발표 및 전시하는 것을 목표로 한다. 각 팀이 구상한 소프트웨어를 개발하기 위해 필요한 기반 기술을 습득하는 과정과 이를 실제 구현에 활용하고 개발과정에서 발생하는 문제점을 해결하는 과정을 통해 소프트웨어개발 방법론/개발툴/검증방법을 익히기를 기대한다.  - 지도교수의 지도 하에 개별 계획 혹은 산업체요구사항에 맞추어 소프트웨어를 개발한다.  - 기반 기술을 학습하고 활용한다.  - 소프트웨어개발 방법론을 적용해 본다.",
"본 과목의 목적은 팀 단위 소프트웨어개발 프로젝트를 직접 수행해 봄으로써, 상품화수준의 소프트웨어개발을 위한 다양한 소프트웨어 품질보장방법을 배우는 것이다. 소프트웨어 품질을 보장하기 위하여 소프트웨어개발의 산출물인 요구사항분석 및 설계문서, 구현 노트에 대한 검증방법과 소프트웨어 소스 코드의 디버깅/테스트/검증방법을 배운다. 또한, 소프트웨어개발 산출물에 대한 효율적인 유지보수방법을 습득하도록 한다.본 과목을 통하여 컴퓨터공학을 전공하는 학생들은 산업체에서 요구하는 능력을 배양하기 위해 학부에서 배운 이론을 바탕으로 공동으로 작품을 설계하고 해결하는 기법을 함양한다.  본 과목의 목적은 팀 단위 소프트웨어개발 프로젝트를 직접 수행해 봄으로써, 상품화수준의 소프트웨어개발을 위한 다양한 소프트웨어 품질보장방법을 배우는 것이다. 소프트웨어 품질을 보장하기 위하여 소프트웨어개발의 산출물인 요구사항분석 및 설계문서, 구현 노트에 대한 검증방법과 소프트웨어 소스 코드의 디버깅/테스트/검증방법을 배운다. 또한, 소프트웨어개발 산출물에 대한 효율적인 유지보수방법을 습득하도록 한다.본 과목을 통하여 컴퓨터공학을 전공하는 학생들은 산업체에서 요구하는 능력을 배양하기 위해 학부에서 배운 이론을 바탕으로 공동으로 작품을 설계하고 해결하는 기법을 함양한다.",
"본 교과목은 공학인증종합설계 과목으로, 컴퓨터캡스톤디자인1의 연장 교과목입니다.  지도교수와의 정기적인 미팅으로 설계방법을 익히면서 작품을 구현하는 것을 주내용으로 합니다.   추가로 최근 관련기술동향을 파악하기 위하여 세미나 참석이 요구될 수 있으며, 참석여부는 최종성적에 반영됩니다.  본 과목의 목적은 팀 단위 소프트웨어개발 프로젝트를 직접 수행해 봄으로써, 상품화수준의 소프트웨어개발을 위한 다양한 소프트웨어 품질보장방법을 배우는 것이다. 소프트웨어 품질을 보장하기 위하여 소프트웨어개발의 산출물인 요구사항분석 및 설계문서, 구현 노트에 대한 검증방법과 소프트웨어 소스 코드의 디버깅/테스트/검증방법을 배운다. 또한, 소프트웨어개발 산출물에 대한 효율적인 유지보수방법을 습득하도록 한다.본 과목을 통하여 컴퓨터공학을 전공하는 학생들은 산업체에서 요구하는 능력을 배양하기 위해 학부에서 배운 이론을 바탕으로 공동으로 작품을 설계하고 해결하는 기법을 함양한다.",
"본 교과목은공학인증종합설계 과목으로,컴퓨터캡스톤디자인1의연장교과목입니다.  지도교수와의 정기적인미팅으로설계방법을 익히면서작품을구현하는것을주내용으로 합니다.  추가로최근관련기술동향을파악하기 위하여세미나참석이요구될 수있으며,참석여부는 최종성적에 반영됩니다.  본 과목의 목적은 팀 단위 소프트웨어개발 프로젝트를 직접 수행해 봄으로써, 상품화수준의 소프트웨어개발을 위한  다양한 소프트웨어 품질보장방법을 배우는 것이다. 소프트웨어 품질을 보장하기 위하여 소프트웨어개발의 산출물  인 요구사항분석 및 설계문서, 구현 노트에 대한 검증방법과 소프트웨어 소스 코드의 디버깅/테스트/검증방법을  배운다. 또한, 소프트웨어개발 산출물에 대한 효율적인 유지보수방법을 습득하도록 한다.본 과목을 통하여 컴퓨터  공학을 전공하는 학생들은 산업체에서 요구하는 능력을 배양하기 위해 학부에서 배운 이론을 바탕으로 공동으로 작품  을 설계하고 해결하는 기법을 함양한다.",
졸업논문 과정  학생들은 이 과목에서 정해진 주제를 가지고 졸업작품을 한다,
"본 교과목은공학인증종합설계 과목으로,컴퓨터캡스톤디자인1의연장교과목입니다.  지도교수와의 정기적인미팅으로설계방법을 익히면서작품을구현하는것을주내용으로 합니다.  추가로최근관련기술동향을파악하기 위하여세미나참석이요구될 수있으며,참석여부는 최종성적에 반영됩니다.  본 과목의 목적은 팀 단위 소프트웨어개발 프로젝트를 직접 수행해 봄으로써, 상품화수준의 소프트웨어개발을 위한 다양한 소프트웨어 품질보장방법을 배우는 것이다. 소프트웨어 품질을 보장하기 위하여 소프트웨어개발의 산출물인 요구사항분석 및 설계문서, 구현 노트에 대한 검증방법과 소프트웨어 소스 코드의 디버깅/테스트/검증방법을 배운다. 또한, 소프트웨어개발 산출물에 대한 효율적인 유지보수방법을 습득하도록 한다.본 과목을 통하여 컴퓨터공학을 전공하는 학생들은 산업체에서 요구하는 능력을 배양하기 위해 학부에서 배운 이론을 바탕으로 공동으로 작품을 설계하고 해결하는 기법을 함양한다.",
"본 과목은 팀별 지도교수 배정을 통하여, 지도교수와 작품 주제를 선정하여 작품 개발을 진행한다.  본 과목의 목적은 팀 단위 소프트웨어개발 프로젝트를 직접 수행해 봄으로써, 상품화수준의 소프트웨어개발을 위한 다양한 소프트웨어 품질보장방법을 배우는 것이다. 소프트웨어 품질을 보장하기 위하여 소프트웨어개발의 산출물인 요구사항분석 및 설계문서, 구현 노트에 대한 검증방법과 소프트웨어 소스 코드의 디버깅/테스트/검증방법을 배운다. 또한, 소프트웨어개발 산출물에 대한 효율적인 유지보수방법을 습득하도록 한다.본 과목을 통하여 컴퓨터공학을 전공하는 학생들은 산업체에서 요구하는 능력을 배양하기 위해 학부에서 배운 이론을 바탕으로 공동으로 작품을 설계하고 해결하는 기법을 함양한다.",
"본 과목은 팀별 지도교수 배정을 통하여, 지도교수와 작품 주제를 선정하여 작품 개발을 하게 된다.  본 과목의 목적은 팀 단위 소프트웨어개발 프로젝트를 직접 수행해 봄으로써, 상품화수준의 소프트웨어개발을 위한 다양한 소프트웨어 품질보장방법을 배우는 것이다. 소프트웨어 품질을 보장하기 위하여 소프트웨어개발의 산출물인 요구사항분석 및 설계문서, 구현 노트에 대한 검증방법과 소프트웨어 소스 코드의 디버깅/테스트/검증방법을 배운다. 또한, 소프트웨어개발 산출물에 대한 효율적인 유지보수방법을 습득하도록 한다.본 과목을 통하여 컴퓨터공학을 전공하는 학생들은 산업체에서 요구하는 능력을 배양하기 위해 학부에서 배운 이론을 바탕으로 공동으로 작품을 설계하고 해결하는 기법을 함양한다.",
"- 각 팀별로 지도교수 및 산업체의 요구사항을 바탕으로 자체적으로 설계 작품 내용의 주제를 선정한다.   - 설계와 구현을 통하여 최종적인 작품을 완성하는 과정에서 발생하는 문제에 대해서 지도교수 및 산업체 연구원이 조언을 하거나 팀별로 자체적으로 해결한다.  본 과목의 목적은 팀 단위 소프트웨어개발 프로젝트를 직접 수행해 봄으로써, 상품화수준의 소프트웨어개발을 위한 다양한 소프트웨어 품질보장방법을 배우는 것이다. 소프트웨어 품질을 보장하기 위하여 소프트웨어개발의 산출물인 요구사항분석 및 설계문서, 구현 노트에 대한 검증방법과 소프트웨어 소스 코드의 디버깅/테스트/검증방법을 배운다. 또한, 소프트웨어개발 산출물에 대한 효율적인 유지보수방법을 습득하도록 한다.본 과목을 통하여 컴퓨터공학을 전공하는 학생들은 산업체에서 요구하는 능력을 배양하기 위해 학부에서 배운 이론을 바탕으로 공동으로 작품을 설계하고 해결하는 기법을 함양한다.",
"세미나 진행 - 캡스톤디자인 작품 제작에 필요한 지식확보 및 최근 관련기술동향파악을 위하여 내부 및 외부 강사  를 초빙하여 세미나가 진행될 수 있으며, 사전에 공지될 예정이다. 이 세미나에 참석여부는 최종 성적에 반영된다.  지도교수님과의 미팅 - 캡스톤 작품 제작을 위하여 지도교수님과 미팅을 갖고 조언을 얻는 식으로 진행된다.  본 과목의 목적은 팀 단위 소프트웨어개발 프로젝트를 직접 수행해 봄으로써, 상품화수준의 소프트웨어개발을 위한  다양한 소프트웨어 품질보장방법을 배우는 것이다. 소프트웨어 품질을 보장하기 위하여 소프트웨어개발의 산출물  인 요구사항분석 및 설계문서, 구현 노트에 대한 검증방법과 소프트웨어 소스 코드의 디버깅/테스트/검증방법을  배운다. 또한, 소프트웨어개발 산출물에 대한 효율적인 유지보수방법을 습득하도록 한다.본 과목을 통하여 컴퓨터  공학을 전공하는 학생들은 산업체에서 요구하는 능력을 배양하기 위해 학부에서 배운 이론을 바탕으로 공동으로 작품  을 설계하고 해결하는 기법을 함양한다.",
"본 교과목은 공학인증종합설계 과목으로,컴퓨터캡스톤디자인1의 연장교과목입니다.  지도교수와의 정기적인미팅으로설계방법을 익히면서 작품을 구현하는 것을 주내용으로 합니다.    **학생별 캡스톤 주제에 따라 수행/진행 방법이 다를 수 있음**  캡스톤 프로젝트를 성공적으로 마치는 것.",
"본 교과목은공학인증종합설계 과목으로,컴퓨터캡스톤디자인1의연장교과목입니다.  지도교수와의 정기적인미팅으로설계방법을 익히면서작품을구현하는것을주내용으로 합니다.  추가로최근관련기술동향을파악하기 위하여세미나참석이요구될 수있으며,참석여부는 최종성적에 반영됩니다.  본 과목의 목적은 팀 단위 소프트웨어개발 프로젝트를 직접 수행해 봄으로써, 상품화수준의 소프트웨어개발을 위한 다양한 소프트웨어 품질보장방법을 배우는 것이다. 소프트웨어 품질을 보장하기 위하여 소프트웨어개발의 산출물인 요구사항분석 및 설계문서, 구현 노트에 대한 검증방법과 소프트웨어 소스 코드의 디버깅/테스트/검증방법을 배운다. 또한, 소프트웨어개발 산출물에 대한 효율적인 유지보수방법을 습득하도록 한다.본 과목을 통하여 컴퓨터공학을 전공하는 학생들은 산업체에서 요구하는 능력을 배양하기 위해 학부에서 배운 이론을 바탕으로 공동으로 작품을 설계하고 해결하는 기법을 함양한다.",
"세미나 진행 - 캡스톤디자인 작품 제작에 필요한 지식확보 및 최근 관련기술동향파악을 위하여 내부 및 외부 강사를 초빙하여 세미나가 진행될 수 있으며, 사전에 공지될 예정이다. 이 세미나에 참석여부는 최종 성적에 반영된다.  지도교수님과의 미팅 - 캡스톤 작품 제작을 위하여 지도교수님과 미팅을 갖고 조언을 얻는 식으로 진행된다.  본 과목의 목적은 팀 단위 소프트웨어개발 프로젝트를 직접 수행해 봄으로써, 상품화수준의 소프트웨어개발을 위한 다양한 소프트웨어 품질보장방법을 배우는 것이다. 소프트웨어 품질을 보장하기 위하여 소프트웨어개발의 산출물인 요구사항분석 및 설계문서, 구현 노트에 대한 검증방법과 소프트웨어 소스 코드의 디버깅/테스트/검증방법을 배운다. 또한, 소프트웨어개발 산출물에 대한 효율적인 유지보수방법을 습득하도록 한다.본 과목을 통하여 컴퓨터공학을 전공하는 학생들은 산업체에서 요구하는 능력을 배양하기 위해 학부에서 배운 이론을 바탕으로 공동으로 작품을 설계하고 해결하는 기법을 함양한다.",
"본 교과목은 공학인증종합설계 과목으로, 컴퓨터캡스톤디자인1의 연장 교과목입니다.  지도교수와의 정기적인 미팅으로 설계방법을 익히면서 작품을 구현하는 것을 주내용으로 합니다.   추가로 최근 관련기술동향을 파악하기 위하여 세미나 참석이 요구될 수 있으며, 참석여부는 최종성적에 반영됩니다.  본 과목의 목적은 팀 단위 소프트웨어개발 프로젝트를 직접 수행해 봄으로써, 상품화수준의 소프트웨어개발을 위한 다양한 소프트웨어 품질보장방법을 배우는 것이다. 소프트웨어 품질을 보장하기 위하여 소프트웨어개발의 산출물인 요구사항분석 및 설계문서, 구현 노트에 대한 검증방법과 소프트웨어 소스 코드의 디버깅/테스트/검증방법을 배운다. 또한, 소프트웨어개발 산출물에 대한 효율적인 유지보수방법을 습득하도록 한다.본 과목을 통하여 컴퓨터공학을 전공하는 학생들은 산업체에서 요구하는 능력을 배양하기 위해 학부에서 배운 이론을 바탕으로 공동으로 작품을 설계하고 해결하는 기법을 함양한다.",
현재 게임연구실에서 진행하고 있는 HCI(인간-컴퓨터상호작용)관련 연구과제를 수행하게 됨   HCI(인간-컴퓨터상호작용) 연구 방법에 대해서 실제 경험을 통해 익힘,
"대학원 HCI(인간-컴퓨터상호작용)학과에 관심이 있는 학생들을 대상으로, 교수 연구실에서 수행하는 연구를 실습하는 수업입니다. (3학년 대상)  연구실 실습 수업이기 때문에. 교강사와 사전에 연구 수행 주제 등을 충분히 상담한 뒤 교강사의 허락을 맡고 수강신청 하시기 바랍니다.",
"*수강 신청에 앞서 반드시 담당 교강사와 먼저 상담해야 합니다    융합기술혁신이라는 주제를 중심으로 한 HCI(인간-컴퓨터상호작용), 게임 & 엡컨텐츠, 헬스케어, UI와UX,융합교육컨텐츠, IOT컨텐츠, 이노베이션제품 & 운송기기컨텐츠,  공연기획 & 무대장치컨텐츠, 테마파크 & 엔터테인먼트컨텐츠 및 공간기획 등을 팀작업 프로젝트를 진행함 관련 기업들과의 네트워크을 연결하여 현장학습을 병행하여 관련주제별 현장 전문가 멘토 인프라를 도입하여 적극 활용 함.        융합기술혁신이라는 주제를 중심으로 프로젝트를 진행  관련 기업들과의 네트워크을 연결하여 현장학습을 병행  현장 전문가 맨토 인프러를 도입하여 적극 활용",
"대학원 HCI(인간-컴퓨터상호작용)학과에 관심이 있는 학생들을 대상으로, Human-AI-Interaction랩에서 수행하는 연구를 실습하는 수업입니다. (3학년 대상)  연구실 실습 수업이기 때문에. 교강사와 사전에 연구 수행 주제 등을 충분히 상담한 뒤 교강사의 허락을 맡고 수강 신청 하시기 바랍니다.",
"대학원 HCI(인간-컴퓨터상호작용)학과에 관심이 있는 학생들을 대상으로, 교수 연구실에서 수행하는 연구를 경험하는 수업입니다.  Zoom에 기반한 연구실 랩 미팅 참여 수업이기 때문에. 교강사와 사전에 연구 수행 주제 등을 충분히 상담한 뒤 교강사의 허락을 맡고 수강신청 하시기 바랍니다.",
"대학원 HCI(인간-컴퓨터상호작용)학과에 관심이 있는 학생들을 대상으로, 교수 연구실에서 수행하는 연구를 실습하는 수업입니다. (3학년 대상)  연구실 실습 수업이기 때문에. 교강사와 사전에 연구 수행 주제 등을 충분히 상담한 뒤 교강사의 허락을 맡고 수강 신청 하시기 바랍니다.",
"본 수업에서는 ICT융합을 주제로 팀프로젝트를 수행합니다. 수강 신청에 앞서 반드시 담당 교강사와 주제를 먼저 상담해야 하고, 학생의 관심 주제와 교강사가 잘 지도할 수 있는 주제가 잘 부합될 때만 수강하도록 합니다.    - 융합 프로젝트 주제 탐색  - 팀프로젝트를 수행하여 Working prototype 개발  - 사용자 실험 및 평가를 통한 디자인 개선 아이디어 발굴",
"본 수업에서는 애드테크 트랙을 주제로 전문가 특강과 개별 프로젝트를 수행합니다. 수강 신청에 앞서 반드시 담당 교강사와 주제를 먼저 상담해야 하고, 학생의 관심 주제와 교강사가 잘 지도할 수 있는 주제가 잘 부합될 때만 수강하도록 합니다.  - 애드테크 트랙 전문가 특강  - 애드테크 트랙 개별 프로젝트 수행  - 사용자 실험 및 평가를 통한 프로젝트 개선 아이디어 발굴",
"본 수업에서는 ICT융합을 주제로 팀프로젝트를 수행합니다. 수강 신청에 앞서 반드시 담당 교강사와 주제를 먼저 상담해야 하고, 학생의 관심 주제와 교강사가 잘 지도할 수 있는 주제가 잘 부합될 때만 수강하도록 합니다.  IoT Service or Smart Healthcare Project",
"본 수업에서는 ICT융합을 주제로 팀프로젝트를 수행합니다. 수강 신청에 앞서 반드시 담당 교강사와 주제를 먼저 상담해야 하고, 학생의 관심 주제와 교강사가 잘 지도할 수 있는 주제가 잘 부합될 때만 수강하도록 합니다.  다양하고 창의적인 아이디어를 가진 학생들에게 컬쳐테크놀로지와 관련된 구체적인 아이디어를 구상하고 현실화 시  키기 위해, 통합된 주제 별로 모인 학생들이 서로 협력하여 제시된 문제를 해결하도록 하는 수업이다. 본 수업은 강의,  사례연구 등과 함께 전공별 팀을 이루어 /실제적 문제해결의 프로젝트로 진행된다.",
"대학원 HCI(인간-컴퓨터상호작용)학과에 관심이 있는 학생들을 대상으로, Human-AI-Interaction랩.(지도 교수: 고민삼)에서 수행하는 연구를 실습해 보는 수업입니다. (4학년 대상)  연구실 실습 수업이기 때문에. 교강사와 사전에 연구 수행 주제 등을 충분히 상담한 뒤 교강사의 허락을 맡고 수강 신청 하시기 바랍니다.",
현재 게임연구실에서 진행하고 있는 HCI(인간-컴퓨터상호작용)관련 연구과제를 수행하게 됨  HCI(인간-컴퓨터상호작용) 연구 방법에 대해서 실제 경험을 통해 익힘,
" HCI(인간-컴퓨터상호작용)  대학원에서 이루어지고 있는 연구과정을 관찰하고 참여하여, 전공 분야에 대한 이해를 높이고, 대학원 진학여부를 참색하기 위한 과정  연구실 프로젝트에 참여하고 현장 연구 활동이 어떻게 일어나는지 직접 체험함",
"*수강 신청에 앞서 반드시 담당 교강사와 먼저 상담해야 합니다    융합기술혁신이라는 주제를 중심으로 한 HCI(인간-컴퓨터상호작용), 게임 & 엡컨텐츠, 헬스케어, UI와UX,융합교육컨텐츠, IOT컨텐츠, 이노베이션제품 & 운송기기컨텐츠,  공연기획 & 무대장치컨텐츠, 테마파크 & 엔터테인먼트컨텐츠 및 공간기획 등을 팀작업 프로젝트를 진행함 관련 기업들과의 네트워크을 연결하여 현장학습을 병행하여 관련주제별 현장 전문가 멘토 인프라를 도입하여 적극 활용 함.        융합기술혁신이라는 주제를 중심으로 프로젝트를 진행  관련 기업들과의 네트워크을 연결하여 현장학습을 병행  현장 전문가 맨토 인프러를 도입하여 적극 활용",
"대학원 HCI(인간-컴퓨터상호작용)학과에 관심이 있는 학생들을 대상으로, Human-AI-Interaction랩.에서 수행하는 연구를 실습하는 수업입니다. (3학년 대상)  연구실 실습 수업이기 때문에. 교강사와 사전에 연구 수행 주제 등을 충분히 상담한 뒤 교강사의 허락을 맡고 수강 신청 하시기 바랍니다.",
"대학원 HCI(인간-컴퓨터상호작용)학과에 관심이 있는 학생들을 대상으로, 교수 연구실에서 수행하는 연구를 경험하는 수업입니다.  Zoom에 기반한 연구실 랩 미팅 (매주 월요일 오후8시) 참여 수업이기 때문에. 교강사와 사전에 연구 수행 주제 등을 충분히 상담한 뒤 교강사의 허락을 맡고 수강신청 하시기 바랍니다.",
  연구실 실습 수업이기 때문에. 교강사와 사전에 연구 수행 주제 등을 충분히 상담한 뒤 교강사의 허락을 맡고 수강 신청 하시기 바랍니다.,
" 대학원 HCI(인간-컴퓨터상호작용)학과에 관심이 있는 학생들을 대상으로, Interaction&Experience랩에서 수행하는 연구를 실습하는 수업입니다.  * 연구실 실습 수업이기 때문에. 교강사와 사전에 연구 수행 주제 등을 충분히 상담한 뒤 교강사의 허락을 맡고 수강 신청하기 바랍니다.    - 문헌 검토 - 인적 요인 실험 - 데이터 분석 및 보고서 생성(주간 보고서 및 최종 보고서)",
"본 수업에서는 ICT융합을 주제로 팀프로젝트를 수행합니다. 수강 신청에 앞서 반드시 담당 교강사와 주제를 먼저 상담해야 하고, 학생의 관심 주제와 교강사가 잘 지도할 수 있는 주제가 잘 부합될 때만 수강하도록 합니다.    ",
"본 수업에서는 ICT융합을 주제로 팀프로젝트를 수행합니다. 수강 신청에 앞서 반드시 담당 교강사와 주제를 먼저 상담해야 하고, 학생의 관심 주제와 교강사가 잘 지도할 수 있는 주제가 잘 부합될 때만 수강하도록 합니다.    - 융합 프로젝트 주제 탐색  - 팀프로젝트를 수행하여 Working prototype 개발  - 사용자 실험 및 평가를 통한 디자인 개선 아이디어 발굴",
본 과목은 3학년 창의융합캡스톤디자인과목을 이수한 학생들을 대상으로 애드테크를 실습하는 과목이다.  본 과목은 4학년 애드테크 트랙 전공 학생들이 관련 분야 취업에 도움을 줄 수 있는 데이터 마케팅의 실무 능력 향상에 초점을 맞추고 있다.,
"본 수업에서는 ICT융합을 주제로 팀프로젝트를 수행합니다. 수강 신청에 앞서 반드시 담당 교강사와 주제를 먼저 상담해야 하고, 학생의 관심 주제와 교강사가 잘 지도할 수 있는 주제가 잘 부합될 때만 수강하도록 합니다.  IoT Service or Smart Healthcare Project",
"본 수업에서는 ICT융합을 주제로 팀프로젝트를 수행합니다. 수강 신청에 앞서 반드시 담당 교강사와 주제를 먼저 상담해야 하고, 학생의 관심 주제와 교강사가 잘 지도할 수 있는 주제가 잘 부합될 때만 수강하도록 합니다.  학생 개인/팀별 관심 주제와 목표 및 결과물 도출에 필요한 명확한 목표 제시 , 합리적 접근방법을 수립한다. ",
"뮤직프로덕션 업무에 활용되는 기본적인 테크놀로지와 업무 단계에 대해 학습하고,  음악, 음향학, 악기 구조론 등 뮤직프로덕션의 기본이 되는 연관 분야에 대해 학습한다. 또한 믹싱콘솔, 레코더, 마이크로폰, 스피커 등 기본 구성 시스템의 기능과 역할에 대해 이해와 함께 컴퓨터 기반의 MIDI미디, DAW(Digital Audio Workstation) 등을 이용한 녹음과 편집, 믹싱 등의 테크닉에 대해 학습을 통해, 음악 제작을 포함한 다양한 미디어프로덕션에서 요구되는 프로덕션 테크닉에 대해 학습한다.    수업은 강의식 수업과 수업중 시연, 그리고 학생들의 실습과 과제 수행으로 구성된다.  1. 뮤직프로덕션 업무의 기본 개념과 단계를 이해한다.  2. 기본적인 음악음향학, 악기구조 등에 대해 이해한다.   3. 뮤직프로덕션에 활용되는 믹싱콘솔, 마이크, 시그널프로세서 등의 기능에 대해 학습한다.   4. MIDI, DAW 시스템의 기능과 특성에 대해 이해한다.   5. 기본적인 음향 신호의 연결과 전송, 조정 기능에 대해 이해한다.",
"이 과정은 주로 유닉스 운영 체제와 서비스 및 API에 초점을 맞춘 시스템 프로그래밍의 기술과 방법을 탐구한다. 주제로는 시스템 호출, 파일I/O, 파일 및 디렉토리, 프로세스 제어, 프로세스 간 통신, 소켓 기반 네트워크 프로그래밍, 원격 프로시저 호출 프로그래밍 등이 있다. *** 약 30명의 학생이 수강신청을 할 수 있는지 문의하고 있습니다. 새로운 교직원이 제공하는 수업의 질적 특성상 '졸업'이나 '장학금' 문제가 있는 학생만 이 과정을 추가로 수강할 수 있다. 학생 수를 엄격히 제한해서 죄송합니다. *** 과정을 마치면 대부분의 Unix 명령이 어떻게 작동하는지 파악하고 파일I/O, 프로세스 간 통신, 클라이언트/서버 개발 등과 같은 실무 능력을 개발할 수 있어야 합니다. 더욱이, 학생들은 운영 체제와 컴퓨터 아키텍처와 같은 고급 과정의 기초가 되는 지식을 습득할 것으로 예상된다.",
컴퓨터 운영체제의 기본원리와 개념을 이해하기 위한 교과목이다.  컴퓨터 운영체제가 제공하는 다양한 서비스를 이해하고 운영체제의 설계와 구현에 대해 학습한다.,
컴퓨터 운영체제의 기본원리와 개념을 이해하기 위한 교과목이다.  컴퓨터 운영체제가 제공하는 다양한 서비스를 이해하고 운영체제의 설계와 구현에 대해 학습한다.,
"이 과목에서는 디지털논리회로의 설계와 해석에 필요한 기본 이론을 배운다. 주요 교과 내용은 부울대수, 논리함수의 표현과 간략화기법, 상용논리소자(인코더/디코더, 멀티플렉서, PLD 등), 그리고 플립플롭의 종류 및 동작특성 등이다.   이 과목의 최종 목표는 조합논리회로와 순차논리회로를 설계하고 해석하는 방법을 배우는 것이다.이 3학점 과목은 매주 2시간 이론강의와 2시간 실험으로 운영된다.",
"본 교과목은 1학년 공통기초필수 교과목으로서 신입생이 대학생활에의 적응과 전공에 대한 이해를 바탕으로 진로 비전을 설계할 수 있도록 하는 것을 목표로 한다. 신입생은 전공교수, 학습자 소그룹(10명 내외) 등과의 긴밀한 소통을 통해 전공에 대한 이해를 높일 수 있고, 전공 분야의 현장에서 요구되는 역량을 갖추기 위한 학습-진로의 비전을 설계할 수 있다. 또한 대학생활에의 적응과 전공의 이해를 위한 기초 강의 그리고 학습자 중심의 교수-학습방법인 PBL(문제해결학습) 등을 바탕으로 협동 학습에 필요한 역량, 문제해결능력 등을 함양하고 사회적 스킬을 배워 나갈 수 있다.    신입생이 자기이해와 함께 교수자-학습자, 학습자-학습자, 학습자-학습환경 간 소통과 이해를 통해 대학생활에 원활히 적응하고 능동적으로 학습하며 전공과 관련된 진로의 비전을 설계할 수 있도록 하는 것이 본 수업의 목표이다.    수강생들은 본 교과목을 수강한 후 다음의 역량을 함양할 수 있을 것으로 기대된다.   1. ERICA-PBL(문제해결학습)의 교수-학습방법을 이해하고 수업의 구성 및 진행 방식, 학습자의 역할 등을 구체적으로 설명할 수 있다.   2. 소그룹 학습공동체(팀)의 의미를 이해하고 학습공동체의 활동에 적극적으로 참여할 수 있다.   3. 전공과 현장의 특성이 반영된 비구조화된 문제를 해결하기 위해 자기주도적으로 학습을 계획하고 수행할 수 있다.",
"본 교과목은 1학년 공통기초필수 교과목으로서 신입생이 대학생활에의 적응과 전공에 대한 이해를 바탕으로 진로 비전을 설계할 수 있도록 하는 것을 목표로 한다. 신입생은 전공교수, 학습자 소그룹(10명 내외) 등과의 긴밀한 소통을 통해 전공에 대한 이해를 높일 수 있고, 전공 분야의 현장에서 요구되는 역량을 갖추기 위한 학습-진로의 비전을 설계할 수 있다. 또한 대학생활에의 적응과 전공의 이해를 위한 기초 강의 그리고 학습자 중심의 교수-학습방법인 PBL(문제해결학습) 등을 바탕으로 협동 학습에 필요한 역량, 문제해결능력 등을 함양하고 사회적 스킬을 배워 나갈 수 있다.   신입생이 자기이해와 함께 교수자-학습자, 학습자-학습자, 학습자-학습환경 간 소통과 이해를 통해 대학생활에 원활히 적응하고 능동적으로 학습하며 전공과 관련된 진로의 비전을 설계할 수 있도록 하는 것이 본 수업의 목표이다.    수강생들은 본 교과목을 수강한 후 다음의 역량을 함양할 수 있을 것으로 기대된다.   1. ERICA-PBL(문제해결학습)의 교수-학습방법을 이해하고 수업의 구성 및 진행 방식, 학습자의 역할 등을 구체적으로 설명할 수 있다.   2. 소그룹 학습공동체(팀)의 의미를 이해하고 학습공동체의 활동에 적극적으로 참여할 수 있다.   3. 전공과 현장의 특성이 반영된 비구조화된 문제를 해결하기 위해 자기주도적으로 학습을 계획하고 수행할 수 있다.",
"본 교과목은 공학인증종합설계 과목으로, 컴퓨터캡스톤디자인1의 연장 교과목입니다.  지도 교수와의 정기적인 미팅으로 설계 방법을 익히면서 작품을 구현하는 것을 주 내용으로 합니다.  추가로 최근 관련기술동향을 파악하기 위하여 세미나 참석이 요구될 수 있으며,참석 여부는 최종 성적에 반영됩니다.  본 과목의 목적은 팀 단위 소프트웨어개발 프로젝트를 직접 수행해 봄으로써, 상품화수준의 소프트웨어개발을 위한 다양한 소프트웨어 품질보장방법을 배우는 것이다.  소프트웨어 품질을 보장하기 위하여 소프트웨어개발의 산출물인 요구사항분석 및 설계문서, 구현 노트에 대한 검증방법과 소프트웨어 소스 코드의 디버깅/테스트/검증방법을 배운다. 또한, 소프트웨어개발 산출물에 대한 효율적인 유지보수방법을 습득하도록 한다.  본 과목을 통하여 컴퓨터공학을 전공하는 학생들은 산업체에서 요구하는 능력을 배양하기 위해 학부에서 배운 이론을 바탕으로 공동으로 작품을 설계하고 해결하는 기법을 함양한다.",
"물리학은 다양한 자연현상을 과학적으로 탐구하고 이해하고자 하는 학문이다. 이를 위해 많은 관찰과 실험은 필수적이며 획득한 여러 실험결과는 반드시 이론적인 체계와 비교, 설명되어야 하고 이 두 가지가 성공적으로 이루어질때 비로서 그 결과와 해석은 물리학의 지식 체계로서 인정받게 된다. 본 수업은 이러한 과정을 간단하게 따라가 보는 것으로 기초적인 실험을 통해 얻은 결과들을 일반 물리학 수업 시간 때 배웠던 내용과 비교해 봄으로써 그 주제에 대한 이해를 높이고, 더 나아가 학생들이 실험적 문제해결 방법에 익숙해 지는데 도움을 주고자 한다.   본 과목은 이론으로 배워왔던 일반 물리학의 개념을 실험을 통해 이해를 돕고자 한다. 많은 일반 물리학의 주제 중 일상 생활에서 가장 접하기 쉬운 역학에 관련된 실험들로 주로 구성되어 있는데 간단하게는 길이의 정밀 측정부터 시작하여 자유낙하 운동, 뉴턴의 법칙, 에너지를 비롯한 운동량 보존 법칙 등 수업 시간에 배웠던 내용들을 실험으로 직접 확인하는 기회를 가진다.본 수업은 일반 물리학 강의에서 학습한 이론적인 내용들을 실험으로 직접 확인해 보고 그 이해를 돕는 것을 목표로 한다. 더 나아가 학생들이 실험을 통하여 여러 실험적 문제해결 방법에 익숙해지도록 한다.   해당 전공학과로 개설되는 일반물리학실험 수강을 원칙으로 함.  해당학기 실험실 사정에 따라 일부 실험 종목이 바뀌어 질 수 있음.     유의사항   1. 공학용 계산기, 일반물리실험교재 필히 지참   2. 실험 중 부상에 노출될 수 있는 부적절한 복장(슬리퍼, 샌들 등)은 피한다.   3. 실험중 사적인 휴대폰 사용은 금지한다. (위반시 태도점수 감점)   4. 실험실 내 음식물 반입금지. (위반시 태도점수 감점)     출석 30, 온라인 수업 과제물 (오리엔테이션, 기말과제 제외) 5회*3점=15  대면실험리포트 8회*5점=40, 기말과제 10, 태도 5 (총점 100점)    결석 1회 = -3점 / 지각 1회 = -1점 / 지각 2회 = 결석 1회 / 결석 3회 = ‘F’   (삭감점수는 총점에서가 아닌, 출석 원점수 내에서 이루어짐)   기말과제 미제출 = 결석1회  감염병 상황에 따라 감염병관리위원회의 결정에 의해 대면수업이 비대면 온라인 동영상수업으로 대체될 수 있음.",